param,ROI,hemi,ROIs_set,stream,nVox_boot,nBoot,KS_original,KS_effect_mean,KS_effect_CI_low,KS_effect_CI_high,KS_boot_std,p_value_KS_bootstrap,p_value_KS_CI_low,p_value_KS_CI_high,p_thresh_stream,sig_stream_corrected
X,lh.CoS_places_toon.mat,lh,toon,ventral,204,10000,0.251046317614489,0.278906862745098,0.196078431372549,0.362745098039216,0.0431454810432448,0.00714928507149285,0.00559343916674556,0.00889165070739915,0.0038,0
X,lh.IOG_faces_toon_JC.mat,lh,toon_JC,ventral,62,10000,0.163767687415902,0.218411290322581,0.112903225806452,0.354838709677419,0.0608710234289658,0.934656534346565,0.929731646637098,0.939416777729612,0.0038,0
X,lh.IPS_places_toon_JC.mat,lh,toon_JC,lateraldorsal,372,10000,0.145864460750533,0.158829301075269,0.10752688172043,0.21505376344086,0.0276308945224075,0.12993700629937,0.123418108496735,0.136596088520206,0.0042,0
X,lh.ITG_limbs_toon_JC.mat,lh,toon_JC,lateraldorsal,226,10000,0.0799287045952757,0.109570796460176,0.0619469026548673,0.172566371681416,0.0282294300593609,0.953854614538546,0.949657830675443,0.957879489854666,0.0042,0
X,lh.LOS_limbs_toon_JC.mat,lh,toon_JC,lateraldorsal,351,10000,0.122120250694213,0.141583760683761,0.0826210826210826,0.205128205128205,0.0314506958536835,0.402109789021098,0.392519335693362,0.411737325615888,0.0042,0
X,lh.MOG_places_toon_JC.mat,lh,toon_JC,lateraldorsal,500,10000,0.0434092549630716,0.0657430000000006,0.036,0.11,0.019691387103823,0.976452354764524,0.973391532361028,0.979332736192944,0.0042,0
X,lh.MTG_limbs_adultAvg_probMap_toonCat.mat,lh,adultAvg_probMap_toonCat,lateraldorsal,205,10000,0.0661983763291206,0.107020975609756,0.0585365853658537,0.175609756097561,0.0299659887272653,0.972052794720528,0.968734278999381,0.97519252704421,0.0042,0
X,lh.OTS_bodies_toon.mat,lh,toon,ventral,52,10000,0.0933771936558628,0.188505769230765,0.115384615384615,0.307692307692308,0.0530712660991462,0.988451154884512,0.986266389797674,0.990450993793727,0.0038,0
X,lh.mFus_faces_toon.mat,lh,toon,ventral,124,10000,0.106596563623472,0.153941129032258,0.0806451612903226,0.254032258064516,0.0451449898913734,0.916158384161584,0.910648607648641,0.921510519488915,0.0038,0
X,lh.mOTS_words_toon.mat,lh,toon,ventral,71,10000,0.288775751835188,0.323415492957748,0.183098591549296,0.464788732394366,0.0727510283215095,0.320917908209179,0.311803296707752,0.330100360289035,0.0038,0
X,lh.pFus_faces_toon.mat,lh,toon,ventral,156,10000,0.292161208103007,0.314030128205127,0.217948717948718,0.41025641025641,0.0497828963417875,0.00734926507349265,0.00577059138639553,0.00911438796682613,0.0038,0
X,lh.pOTS_words_toon.mat,lh,toon,ventral,364,10000,0.041914630289872,0.0812670329670332,0.0494505494505495,0.129120879120879,0.0201912439431294,0.979052094790521,0.976155962507404,0.981766808426486,0.0038,0
X,lh.pSTS_faces_adultAvg_probMap_toonCat.mat,lh,adultAvg_probMap_toonCat,lateraldorsal,50,10000,0.133632685852007,0.200026000000002,0.1,0.34,0.0638132160030632,0.97985201479852,0.977008739739101,0.982513570763104,0.0042,0
X,rh.CoS_places_toon.mat,rh,toon,ventral,332,10000,0.0856841382406007,0.107082831325301,0.0572289156626506,0.171686746987952,0.0303352121256453,0.831966803319668,0.824576793226361,0.839231058769858,0.0038,0
X,rh.IOG_faces_toon_JC.mat,rh,toon_JC,ventral,169,10000,0.0894273506219054,0.124528402366864,0.0650887573964497,0.207100591715976,0.0377414225728647,0.947655234476552,0.943206341605771,0.951934563841696,0.0038,0
X,rh.IPS_places_toon_JC.mat,rh,toon_JC,lateraldorsal,489,10000,0.154338344191152,0.171591206543967,0.118609406952965,0.226993865030675,0.0279000667232962,0.0135486451354865,0.0113765536693994,0.0159049226897105,0.0042,0
X,rh.ITG_limbs_toon_JC.mat,rh,toon_JC,lateraldorsal,251,10000,0.0432806809223376,0.0852346613545823,0.0438247011952191,0.151394422310757,0.0279409469563792,0.97965203479652,0.976795441847545,0.982326983743457,0.0042,0
X,rh.LOS_limbs_toon_JC.mat,rh,toon_JC,lateraldorsal,469,10000,0.0583340626004564,0.0857226012793177,0.0405117270788913,0.138592750533049,0.0254071123788911,0.862263773622638,0.855441752524847,0.868948564322845,0.0042,0
X,rh.MOG_places_toon_JC.mat,rh,toon_JC,lateraldorsal,571,10000,0.0565311719868594,0.0765504378283714,0.0455341506129597,0.119089316987741,0.0187443098946948,0.903759624037596,0.897903892766424,0.909462409110333,0.0042,0
X,rh.MTG_limbs_adultAvg_probMap_toonCat.mat,rh,adultAvg_probMap_toonCat,lateraldorsal,258,10000,0.109070751798749,0.131320930232558,0.0775193798449613,0.193798449612403,0.0299972909654868,0.771472852714729,0.763192976315603,0.779649889507384,0.0042,0
X,rh.OTS_bodies_toon.mat,rh,toon,ventral,91,10000,0.0833197077819604,0.141390109890111,0.076923076923077,0.230769230769231,0.0373950017446919,0.995550444955504,0.994154933887873,0.996758530626976,0.0038,0
X,rh.mFus_faces_toon.mat,rh,toon,ventral,156,10000,0.0809194872975669,0.127489743589744,0.0705128205128205,0.211538461538462,0.0355470656198274,0.954554544545545,0.95038743927006,0.958549476571349,0.0038,0
X,rh.mOTS_words_toon.mat,rh,toon,ventral,50,10000,0.289256505576208,0.334564,0.2,0.5,0.0773196465122133,0.598490150984902,0.588864855655304,0.608078135775675,0.0038,0
X,rh.pFus_faces_toon.mat,rh,toon,ventral,224,10000,0.0836991466381478,0.110670982142857,0.0625,0.174107142857143,0.0295015635865564,0.96045395460454,0.956548186712746,0.964185318821864,0.0038,0
X,rh.pOTS_words_toon.mat,rh,toon,ventral,101,10000,0.0826734646560517,0.149266336633663,0.0792079207920792,0.247524752475247,0.042533464970933,0.973452654734527,0.970213573240658,0.976512425091202,0.0038,0
X,rh.pSTS_faces_adultAvg_probMap_toonCat.mat,rh,adultAvg_probMap_toonCat,lateraldorsal,50,10000,0.0864744582043344,0.183026000000002,0.1,0.32,0.0550096894246191,0.992850714928507,0.991108349292601,0.994406560833254,0.0042,0
Y,lh.CoS_places_toon.mat,lh,toon,ventral,204,10000,0.0932935002470148,0.124129901960784,0.0588235294117647,0.205882352941177,0.039488628329034,0.885561443855614,0.879250081378096,0.891726751985302,0.0038,0
Y,lh.IOG_faces_toon_JC.mat,lh,toon_JC,ventral,62,10000,0.177757994154904,0.208837096774194,0.112903225806452,0.32258064516129,0.0557261666295508,0.961453854614539,0.957594541769216,0.965138385883252,0.0038,0
Y,lh.IPS_places_toon_JC.mat,lh,toon_JC,lateraldorsal,372,10000,0.0385270843493184,0.0741776881720428,0.0430107526881721,0.118279569892473,0.0190375274823038,0.988551144885511,0.986375347067387,0.990541979682564,0.0042,0
Y,lh.ITG_limbs_toon_JC.mat,lh,toon_JC,lateraldorsal,226,10000,0.15463454276017,0.179471238938049,0.106194690265487,0.258849557522124,0.0391854526056417,0.338616138386161,0.329372550812579,0.347920862079679,0.0042,0
Y,lh.LOS_limbs_toon_JC.mat,lh,toon_JC,lateraldorsal,351,10000,0.117920012789922,0.137568660968661,0.0712250712250713,0.205128205128205,0.0338743440450886,0.445705429457054,0.435975025795203,0.455456401280486,0.0042,0
Y,lh.MOG_places_toon_JC.mat,lh,toon_JC,lateraldorsal,500,10000,0.0669842108280307,0.0882366000000009,0.042,0.143,0.0260934111808079,0.80956904309569,0.801815883465858,0.817204932170626,0.0042,0
Y,lh.MTG_limbs_adultAvg_probMap_toonCat.mat,lh,adultAvg_probMap_toonCat,lateraldorsal,205,10000,0.143089866447842,0.166471707317073,0.102439024390244,0.24390243902439,0.0369153167050444,0.596990300969903,0.587359430524088,0.606584429056346,0.0042,0
Y,lh.OTS_bodies_toon.mat,lh,toon,ventral,52,10000,0.224850685541447,0.271940384615384,0.115384615384615,0.442307692307692,0.0829764994018951,0.777872212778722,0.76967358301323,0.7859655788134,0.0038,0
Y,lh.mFus_faces_toon.mat,lh,toon,ventral,124,10000,0.424938011741346,0.446562903225808,0.338709677419355,0.556451612903226,0.0544717536777046,4.999500049995e-05,4.91022270835823e-08,0.000251156484382057,0.0038,1
Y,lh.mOTS_words_toon.mat,lh,toon,ventral,71,10000,0.270850106559318,0.3290661971831,0.211267605633803,0.450704225352113,0.0639921740011861,0.269123087691231,0.260475433158061,0.277858203607722,0.0038,0
Y,lh.pFus_faces_toon.mat,lh,toon,ventral,156,10000,0.0876327904446399,0.133669871794872,0.0641025641025641,0.224358974358974,0.0415333873148045,0.919258074192581,0.913840062542446,0.924517271010765,0.0038,0
Y,lh.pOTS_words_toon.mat,lh,toon,ventral,364,10000,0.0372368811362044,0.0725392857142861,0.0384615384615385,0.123626373626374,0.022305667936041,0.985351464853515,0.982906479585639,0.987612673124679,0.0038,0
Y,lh.pSTS_faces_adultAvg_probMap_toonCat.mat,lh,adultAvg_probMap_toonCat,lateraldorsal,50,10000,0.346024732447709,0.37491,0.2,0.54,0.0877784848709554,0.392810718928107,0.383260216035607,0.402401827798925,0.0042,0
Y,rh.CoS_places_toon.mat,rh,toon,ventral,332,10000,0.0789482108502868,0.103344578313253,0.0512048192771085,0.16566265060241,0.0297705304404992,0.863063693630637,0.856258039931677,0.869731813952438,0.0038,0
Y,rh.IOG_faces_toon_JC.mat,rh,toon_JC,ventral,169,10000,0.208166753924587,0.237531952662724,0.153846153846154,0.325443786982249,0.0433848701944033,0.148835116488351,0.141926693337299,0.155876566131548,0.0038,0
Y,rh.IPS_places_toon_JC.mat,rh,toon_JC,lateraldorsal,489,10000,0.0511799601209363,0.0810247443762778,0.049079754601227,0.122699386503067,0.0190424025248169,0.933256674332567,0.928284107776124,0.938065126440765,0.0042,0
Y,rh.ITG_limbs_toon_JC.mat,rh,toon_JC,lateraldorsal,251,10000,0.161074770871419,0.183083665338647,0.107569721115538,0.262948207171315,0.0394968257016629,0.227027297270273,0.218869624593686,0.235288377708321,0.0042,0
Y,rh.LOS_limbs_toon_JC.mat,rh,toon_JC,lateraldorsal,469,10000,0.0638236775661412,0.086461620469083,0.0405117270788913,0.142857142857143,0.0274267729779719,0.837066293370663,0.82976528928067,0.844239611208763,0.0042,0
Y,rh.MOG_places_toon_JC.mat,rh,toon_JC,lateraldorsal,571,10000,0.122651213259004,0.134392469352014,0.085814360770578,0.183887915936953,0.0251704855121773,0.101339866013399,0.0955017068709458,0.107329040202884,0.0042,0
Y,rh.MTG_limbs_adultAvg_probMap_toonCat.mat,rh,adultAvg_probMap_toonCat,lateraldorsal,258,10000,0.167399950654084,0.195451550387602,0.124031007751938,0.267441860465116,0.0368744723169603,0.125337466253375,0.118920042628007,0.131896816377134,0.0042,0
Y,rh.OTS_bodies_toon.mat,rh,toon,ventral,91,10000,0.0912576306936714,0.157605494505496,0.0879120879120879,0.263736263736264,0.0463098404274365,0.969353064693531,0.965887290690364,0.972641073748367,0.0038,0
Y,rh.mFus_faces_toon.mat,rh,toon,ventral,156,10000,0.259208304551385,0.281689102564102,0.185897435897436,0.384615384615385,0.0507231438248997,0.0444455554444556,0.0404938621199613,0.048569800140454,0.0038,0
Y,rh.mOTS_words_toon.mat,rh,toon,ventral,50,10000,0.526189591078067,0.560295999999995,0.4,0.7,0.0785119659471064,0.00534946505349465,0.00401582526616365,0.00687024156735944,0.0038,0
Y,rh.pFus_faces_toon.mat,rh,toon,ventral,224,10000,0.0779382778627673,0.10626875,0.0535714285714286,0.174107142857143,0.0306389794654552,0.966253374662534,0.96262710299282,0.969703051564306,0.0038,0
Y,rh.pOTS_words_toon.mat,rh,toon,ventral,101,10000,0.06522163706823,0.136801980198019,0.0693069306930694,0.227722772277228,0.0416313723106113,0.982651734826517,0.980002852301532,0.985117848574558,0.0038,0
Y,rh.pSTS_faces_adultAvg_probMap_toonCat.mat,rh,adultAvg_probMap_toonCat,lateraldorsal,50,10000,0.126644736842105,0.200768000000002,0.12,0.32,0.0503815840005116,0.991350864913509,0.9894449998596,0.993070745097654,0.0042,0
eccen,lh.CoS_places_toon.mat,lh,toon,ventral,204,10000,0.259446003175461,0.282086274509803,0.200980392156863,0.367647058823529,0.0434153150494826,0.00594940505949405,0.00453796703649849,0.0075477785289641,0.0038,0
eccen,lh.IOG_faces_toon_JC.mat,lh,toon_JC,ventral,62,10000,0.174736884957876,0.232095161290323,0.129032258064516,0.370967741935484,0.0657695594803119,0.885061493850615,0.878738377118251,0.891238745581754,0.0038,0
eccen,lh.IPS_places_toon_JC.mat,lh,toon_JC,lateraldorsal,372,10000,0.1094948998851,0.127670698924731,0.0779569892473118,0.182795698924731,0.0265659306572293,0.52009799020098,0.510303469122113,0.529884897648715,0.0042,0
eccen,lh.ITG_limbs_toon_JC.mat,lh,toon_JC,lateraldorsal,226,10000,0.0847076820115684,0.116956637168142,0.0619469026548672,0.190265486725664,0.0337469437714954,0.893360663933607,0.887237726362982,0.899334593412161,0.0042,0
eccen,lh.LOS_limbs_toon_JC.mat,lh,toon_JC,lateraldorsal,351,10000,0.142342848798769,0.161252991452991,0.102564102564103,0.222222222222222,0.0304837032298074,0.175532446755324,0.168138864550751,0.183048942975311,0.0042,0
eccen,lh.MOG_places_toon_JC.mat,lh,toon_JC,lateraldorsal,500,10000,0.0427821805576517,0.0681460000000006,0.038,0.114,0.020305859173935,0.966653334666533,0.96304729888173,0.970082624649601,0.0042,0
eccen,lh.MTG_limbs_adultAvg_probMap_toonCat.mat,lh,adultAvg_probMap_toonCat,lateraldorsal,205,10000,0.111402753952123,0.132830731707316,0.0682926829268293,0.204878048780488,0.0352684914675522,0.865563443655634,0.858809438119246,0.872178969008107,0.0042,0
eccen,lh.OTS_bodies_toon.mat,lh,toon,ventral,52,10000,0.0989313844405889,0.186076923076919,0.0961538461538462,0.307692307692308,0.0528065088170706,0.99045095490451,0.988453958265512,0.992262292635678,0.0038,0
eccen,lh.mFus_faces_toon.mat,lh,toon,ventral,124,10000,0.075106389473582,0.132151612903226,0.0806451612903226,0.209677419354839,0.0334103687303416,0.983751624837516,0.981183637291672,0.986136432265979,0.0038,0
eccen,lh.mOTS_words_toon.mat,lh,toon,ventral,71,10000,0.275301918067724,0.309715492957748,0.169014084507042,0.450704225352113,0.072546763820766,0.394310568943106,0.384753377570485,0.403907798114995,0.0038,0
eccen,lh.pFus_faces_toon.mat,lh,toon,ventral,156,10000,0.259256760597743,0.282726923076923,0.17948717948718,0.384615384615385,0.0514743745145958,0.0443455654434557,0.0403982264941413,0.0484654935747794,0.0038,0
eccen,lh.pOTS_words_toon.mat,lh,toon,ventral,364,10000,0.0603917394468588,0.0824997252747255,0.0494505494505495,0.123626373626374,0.0194015169733267,0.985351464853515,0.982906479585639,0.987612673124679,0.0038,0
eccen,lh.pSTS_faces_adultAvg_probMap_toonCat.mat,lh,adultAvg_probMap_toonCat,lateraldorsal,50,10000,0.0677498555156145,0.173856000000001,0.1,0.3,0.0529396970632864,0.995550444955504,0.994154933887873,0.996758530626976,0.0042,0
eccen,rh.CoS_places_toon.mat,rh,toon,ventral,332,10000,0.0794478299998677,0.102846987951807,0.0512048192771085,0.162650602409639,0.029226264172252,0.870562943705629,0.863914567564617,0.877070946070579,0.0038,0
eccen,rh.IOG_faces_toon_JC.mat,rh,toon_JC,ventral,169,10000,0.112488407424242,0.145007692307692,0.0887573964497042,0.21301775147929,0.0311320936791662,0.925157484251575,0.919920664780398,0.930233255319598,0.0038,0
eccen,rh.IPS_places_toon_JC.mat,rh,toon_JC,lateraldorsal,489,10000,0.0656800525210296,0.0869055214723926,0.0408997955010225,0.141104294478528,0.0256155748899325,0.826967303269673,0.819492400092522,0.834318345552206,0.0042,0
eccen,rh.ITG_limbs_toon_JC.mat,rh,toon_JC,lateraldorsal,251,10000,0.0952452815761192,0.12494422310757,0.0677290836653386,0.195219123505976,0.0331386455954917,0.807069293070693,0.799278231287806,0.81474403119711,0.0042,0
eccen,rh.LOS_limbs_toon_JC.mat,rh,toon_JC,lateraldorsal,469,10000,0.0923641050768852,0.110809168443497,0.0618336886993604,0.164179104477612,0.0258190936492894,0.561993800619938,0.552259038146474,0.571705078270513,0.0042,0
eccen,rh.MOG_places_toon_JC.mat,rh,toon_JC,lateraldorsal,571,10000,0.0786585078429768,0.0935987740805604,0.0542907180385289,0.136602451838879,0.0210669716308355,0.669383061693831,0.660131773706389,0.678570183295023,0.0042,0
eccen,rh.MTG_limbs_adultAvg_probMap_toonCat.mat,rh,adultAvg_probMap_toonCat,lateraldorsal,258,10000,0.119182145014054,0.146033720930234,0.0775193798449613,0.22093023255814,0.0367735667639828,0.587291270872913,0.577626595627112,0.596922877987987,0.0042,0
eccen,rh.OTS_bodies_toon.mat,rh,toon,ventral,91,10000,0.132246368444147,0.176339560439561,0.0879120879120879,0.296703296703297,0.0572895605126283,0.907759224077592,0.902011614729514,0.913352372653765,0.0038,0
eccen,rh.mFus_faces_toon.mat,rh,toon,ventral,156,10000,0.0687926932228106,0.116137820512821,0.0576923076923077,0.205128205128205,0.0375031866833923,0.966053394660534,0.962417055146917,0.969513214927397,0.0038,0
eccen,rh.mOTS_words_toon.mat,rh,toon,ventral,50,10000,0.171737918215613,0.235326000000001,0.14,0.36,0.0549699544623186,0.96995300469953,0.966519318159652,0.973208699902144,0.0038,0
eccen,rh.pFus_faces_toon.mat,rh,toon,ventral,224,10000,0.0419730732830162,0.0885781250000001,0.0491071428571428,0.151785714285714,0.0278392035646673,0.990950904909509,0.989003960959653,0.992712008492892,0.0038,0
eccen,rh.pOTS_words_toon.mat,rh,toon,ventral,101,10000,0.111634304262563,0.153489108910891,0.0891089108910891,0.237623762376238,0.0391132405617933,0.977252274772523,0.974241036398123,0.980082771174105,0.0038,0
eccen,rh.pSTS_faces_adultAvg_probMap_toonCat.mat,rh,adultAvg_probMap_toonCat,lateraldorsal,50,10000,0.172474845201238,0.231628000000001,0.12,0.36,0.0606224143672323,0.961953804619538,0.958117975376868,0.965614663352182,0.0042,0
size,lh.CoS_places_toon.mat,lh,toon,ventral,204,10000,0.276710010781654,0.295716176470588,0.21078431372549,0.377450980392157,0.0426731768861895,0.00254974502549745,0.00165874645786925,0.00362865559412846,0.0038,1
size,lh.IOG_faces_toon_JC.mat,lh,toon_JC,ventral,62,10000,0.147110876850162,0.213003225806452,0.0967741935483871,0.354838709677419,0.0666201035293918,0.929257074292571,0.924151627836003,0.934199920333981,0.0038,0
size,lh.IPS_places_toon_JC.mat,lh,toon_JC,lateraldorsal,372,10000,0.208967417183712,0.221786290322581,0.153225806451613,0.287634408602151,0.0338548605512354,0.00274972502749725,0.00182066165464146,0.00386666454437851,0.0042,1
size,lh.ITG_limbs_toon_JC.mat,lh,toon_JC,lateraldorsal,226,10000,0.0224041029003025,0.0847646017699104,0.0442477876106195,0.141592920353982,0.0256459249806362,0.992450754924508,0.990663190541205,0.99405194090513,0.0042,0
size,lh.LOS_limbs_toon_JC.mat,lh,toon_JC,lateraldorsal,351,10000,0.0640145151278153,0.091963247863248,0.056980056980057,0.136752136752137,0.0204242990533411,0.962153784621538,0.958327397643433,0.965805125519696,0.0042,0
size,lh.MOG_places_toon_JC.mat,lh,toon_JC,lateraldorsal,500,10000,0.0231885548976734,0.0585106000000004,0.0319999999999999,0.102,0.0183060099049428,0.990950904909509,0.989003960959653,0.992712008492892,0.0042,0
size,lh.MTG_limbs_adultAvg_probMap_toonCat.mat,lh,adultAvg_probMap_toonCat,lateraldorsal,205,10000,0.126820053181447,0.155669268292682,0.0780487804878049,0.239024390243902,0.0406618180904542,0.673182681731827,0.663957827331134,0.682341930371233,0.0042,0
size,lh.OTS_bodies_toon.mat,lh,toon,ventral,52,10000,0.0946592252537194,0.198692307692304,0.0961538461538462,0.326923076923077,0.0578526010628859,0.980651934806519,0.977862649244575,0.983259201040498,0.0038,0
size,lh.mFus_faces_toon.mat,lh,toon,ventral,124,10000,0.181548936382772,0.219574999999999,0.120967741935484,0.32258064516129,0.0516653835027977,0.522597740225977,0.51280483931524,0.532382080536643,0.0038,0
size,lh.mOTS_words_toon.mat,lh,toon,ventral,71,10000,0.180357565711579,0.234902816901409,0.140845070422535,0.352112676056338,0.0554028504741484,0.835066493350665,0.82773028859885,0.842275769342367,0.0038,0
size,lh.pFus_faces_toon.mat,lh,toon,ventral,156,10000,0.217888363457238,0.249076282051282,0.153846153846154,0.352564102564103,0.0497371275976754,0.140835916408359,0.134087246579652,0.147720642582619,0.0038,0
size,lh.pOTS_words_toon.mat,lh,toon,ventral,364,10000,0.231805601588637,0.245954120879121,0.178571428571429,0.310439560439561,0.0340698812709459,0.00034996500349965,8.45004521430083e-05,0.000800417811080366,0.0038,1
size,lh.pSTS_faces_adultAvg_probMap_toonCat.mat,lh,adultAvg_probMap_toonCat,lateraldorsal,50,10000,0.0738714847256436,0.172172000000001,0.1,0.3,0.0535676148893759,0.995950404959504,0.994614709280501,0.997098554463997,0.0042,0
size,rh.CoS_places_toon.mat,rh,toon,ventral,332,10000,0.112872220087825,0.132753614457832,0.072289156626506,0.201807228915663,0.0333087759568578,0.562593740625937,0.552860340922229,0.572303428234487,0.0038,0
size,rh.IOG_faces_toon_JC.mat,rh,toon_JC,ventral,169,10000,0.179565492270515,0.197994674556214,0.118343195266272,0.284023668639053,0.0426108115759954,0.456404359564044,0.446651303060433,0.466173931204948,0.0038,0
size,rh.IPS_places_toon_JC.mat,rh,toon_JC,lateraldorsal,489,10000,0.191793457149596,0.204531492842536,0.149284253578732,0.261758691206544,0.028797353827152,0.00024997500249975,4.15628342951772e-05,0.000641467400929573,0.0042,1
size,rh.ITG_limbs_toon_JC.mat,rh,toon_JC,lateraldorsal,251,10000,0.126765936487939,0.151249800796814,0.0876494023904382,0.219123505976096,0.0338075412030771,0.533196680331967,0.523413380474039,0.54296740444198,0.0042,0
size,rh.LOS_limbs_toon_JC.mat,rh,toon_JC,lateraldorsal,469,10000,0.0682057344739446,0.0906850746268656,0.0426439232409382,0.14498933901919,0.0265844903858523,0.805269473052695,0.797451430723308,0.812971873493933,0.0042,0
size,rh.MOG_places_toon_JC.mat,rh,toon_JC,lateraldorsal,571,10000,0.100854455604192,0.112011908931699,0.0612959719789843,0.166374781085814,0.0269102360720765,0.367313268673133,0.357891115549096,0.376785686806932,0.0042,0
size,rh.MTG_limbs_adultAvg_probMap_toonCat.mat,rh,adultAvg_probMap_toonCat,lateraldorsal,258,10000,0.1001216992805,0.132421317829457,0.0852713178294573,0.189922480620155,0.0271719216988603,0.786671332866713,0.778588997907025,0.794645070941053,0.0042,0
size,rh.OTS_bodies_toon.mat,rh,toon,ventral,91,10000,0.165480088989477,0.198705494505495,0.0879120879120879,0.32967032967033,0.0617175547799523,0.829467053294671,0.822034308868187,0.836774989950584,0.0038,0
size,rh.mFus_faces_toon.mat,rh,toon,ventral,156,10000,0.310330800521913,0.338224358974358,0.243589743589744,0.42948717948718,0.0476605728249373,0.00084991500849915,0.000378279654099148,0.00150897721328728,0.0038,1
size,rh.mOTS_words_toon.mat,rh,toon,ventral,50,10000,0.108206319702602,0.194052000000001,0.1,0.32,0.056418964949391,0.987351264873513,0.98507040956105,0.989447600370665,0.0038,0
size,rh.pFus_faces_toon.mat,rh,toon,ventral,224,10000,0.0889391478276555,0.130022321428571,0.0669642857142857,0.205357142857143,0.0361601454412872,0.847265273472653,0.840149972563583,0.854249024962763,0.0038,0
size,rh.pOTS_words_toon.mat,rh,toon,ventral,101,10000,0.209652642387154,0.237052475247524,0.118811881188119,0.356435643564356,0.0606096838732766,0.547095290470953,0.537331302077539,0.556841437971298,0.0038,0
size,rh.pSTS_faces_adultAvg_probMap_toonCat.mat,rh,adultAvg_probMap_toonCat,lateraldorsal,50,10000,0.399787151702786,0.443296000000003,0.3,0.6,0.0768284234164969,0.111838816118388,0.105736231694344,0.118088439485149,0.0042,0
