sub,ROI,hemi,CenterXs,CenterYs,FWHMs,FWHM_radius,size
ENK05/ENK05_190317_19993_time_03_1,V1,rh,-6.381868235,-1.685408713,17.85098149,8.925490743,2.176202
ENK05/ENK05_190317_19993_time_03_1,V2,rh,-7.631042426,-1.927976101,11.93966548,5.969832738,3.670985
ENK05/ENK05_190317_19993_time_03_1,V3,rh,-6.152611975,-1.467495781,12.79697652,6.398488262,4.47308
ENK05/ENK05_190317_19993_time_03_1,hV4,rh,-6.169151673,0.342784625,8.057855958,4.028927979,5.335622
ENK05/ENK05_190317_19993_time_03_1,VO,rh,-6.578704617,-0.796087875,14.02725583,7.013627913,9.087329
ENK05/ENK05_190317_19993_time_03_1,PHC,rh,-12.59909045,0.966411986,8.442643207,4.221321603,17.01491
ENK05/ENK05_190317_19993_time_03_1,pFus_faces,rh,-4.022372615,-1.078430031,1.849044586,0.924522293,10.44825
ENK05/ENK05_190317_19993_time_03_1,pOTS_words,rh,-2.072203908,-1.871095405,6.485144375,3.242572187,10.06246
ENK05/ENK05_190317_19993_time_03_1,CoS_places,rh,-7.946021701,-3.44877347,12.05796483,6.028982413,13.28913
ENK05/ENK05_190317_19993_time_03_1,mFus_faces,rh,-4.553341173,-1.847955908,3.573812595,1.786906297,11.13859
ENK05/ENK05_190317_19993_time_03_1,OTS_bodies,rh,-5.435432402,-3.487701166,5.086582192,2.543291096,11.68133
CLC06/CLC06_190912_21275_time_04_1,V1,rh,-6.323519478,1.454663044,15.94293041,7.971465207,2.87901
CLC06/CLC06_190912_21275_time_04_1,V2,rh,-6.505477799,-3.370043064,12.50873738,6.254368689,4.218067
CLC06/CLC06_190912_21275_time_04_1,V3,rh,-5.2766968,-0.095060665,15.14557151,7.572785756,5.85256
CLC06/CLC06_190912_21275_time_04_1,hV4,rh,-6.908306158,3.144204272,12.19902955,6.099514776,8.672185
CLC06/CLC06_190912_21275_time_04_1,VO,rh,-9.634364574,6.508438914,12.50485607,6.252428035,12.85496
CLC06/CLC06_190912_21275_time_04_1,PHC,rh,-11.39856793,6.225978036,11.67624202,5.838121012,16.15231
CLC06/CLC06_190912_21275_time_04_1,CoS_places,rh,-10.20882003,8.002111555,12.53191225,6.265956123,15.12361
CLC06/CLC06_190912_21275_time_04_1,mFus_faces,rh,-1.490683589,-0.053408965,6.606050233,3.303025117,8.490072
CLC06/CLC06_190912_21275_time_04_1,OTS_bodies,rh,-0.713592669,-2.880732007,5.343058955,2.671529477,11.53113
ED07/ED07_190914_21286_time_04_1,V1,rh,-6.292839672,-2.317201656,16.93786812,8.468934062,3.052641
ED07/ED07_190914_21286_time_04_1,V2,rh,-6.095510248,-1.401946131,16.65580624,8.327903118,3.693481
ED07/ED07_190914_21286_time_04_1,V3,rh,-7.724746638,0.447674289,15.56367337,7.781836685,6.080138
ED07/ED07_190914_21286_time_04_1,hV4,rh,-5.746841822,1.364718861,10.13954526,5.069772632,5.697354
ED07/ED07_190914_21286_time_04_1,VO,rh,-6.493704289,-0.418504828,10.165722,5.082861002,11.16981
ED07/ED07_190914_21286_time_04_1,PHC,rh,-5.762916275,-3.68702686,11.08035663,5.540178317,13.5192
ED07/ED07_190914_21286_time_04_1,pFus_faces,rh,-2.306123064,-1.203926605,5.459397784,2.729698892,8.08585
ED07/ED07_190914_21286_time_04_1,CoS_places,rh,-4.374684172,-1.204663242,12.99203238,6.496016189,12.18626
ED07/ED07_190914_21286_time_04_1,mFus_faces,rh,0.458184194,0.27028112,3.129025926,1.564512963,6.86831
ENK05/ENK05_191208_21930_time_04_1,V1,rh,-5.881970482,-1.546788804,17.35307083,8.676535414,1.715992
ENK05/ENK05_191208_21930_time_04_1,V2,rh,-7.371256845,-0.972145891,14.00480839,7.002404193,3.805727
ENK05/ENK05_191208_21930_time_04_1,V3,rh,-5.818615257,-3.206549025,13.81558459,6.907792294,4.587101
ENK05/ENK05_191208_21930_time_04_1,hV4,rh,-6.398505898,0.899275944,11.4572949,5.728647452,6.473538
ENK05/ENK05_191208_21930_time_04_1,VO,rh,-7.111361694,1.357904774,13.8337047,6.916852352,8.084112
ENK05/ENK05_191208_21930_time_04_1,PHC,rh,-14.47732382,-6.439942467,8.894638939,4.44731947,17.42255
ENK05/ENK05_191208_21930_time_04_1,pFus_faces,rh,-2.102682221,-4.402521889,5.158906282,2.579453141,9.841328
ENK05/ENK05_191208_21930_time_04_1,CoS_places,rh,-5.64158672,-6.876470812,12.47756587,6.238782937,9.892716
ENK05/ENK05_191208_21930_time_04_1,mFus_faces,rh,-2.196822634,-3.744708696,5.220080406,2.610040203,12.79681
ENK05/ENK05_191208_21930_time_04_1,OTS_bodies,rh,-1.451674292,-5.470987039,4.438397299,2.21919865,8.833398
INW06/INW06_191103_21656_time_04_1,V1,rh,-6.396736912,-0.423965472,16.4018755,8.200937751,2.860918
INW06/INW06_191103_21656_time_04_1,V2,rh,-6.025071092,0.948157262,14.51354931,7.256774656,3.048678
INW06/INW06_191103_21656_time_04_1,V3,rh,-6.845774413,-1.46328729,14.04497211,7.022486055,5.205494
INW06/INW06_191103_21656_time_04_1,hV4,rh,-4.499765561,-2.939410855,6.73690195,3.368450975,5.1139
INW06/INW06_191103_21656_time_04_1,VO,rh,-11.36158884,-0.430954139,10.90084019,5.450420094,11.40766
INW06/INW06_191103_21656_time_04_1,PHC,rh,-11.14043361,0.421028683,15.37089117,7.685445586,16.6862
RJ09/RJ09_190914_21289_time_04_1,V1,rh,-6.384597757,1.12942477,14.72767858,7.36383929,3.004078
RJ09/RJ09_190914_21289_time_04_1,V2,rh,-6.832873433,-0.333067203,14.88214102,7.44107051,3.978215
RJ09/RJ09_190914_21289_time_04_1,V3,rh,-7.564461702,-0.146557869,13.25416742,6.62708371,6.052462
RJ09/RJ09_190914_21289_time_04_1,hV4,rh,-7.17948244,0.62581284,9.361343054,4.680671527,8.2746
RJ09/RJ09_190914_21289_time_04_1,VO,rh,-9.888232227,0.139350087,12.07297046,6.036485228,11.71899
RJ09/RJ09_190914_21289_time_04_1,PHC,rh,-8.685497543,-0.22218807,9.150315385,4.575157693,10.6056
RJ09/RJ09_190914_21289_time_04_1,pFus_faces,rh,-6.724066582,-0.902530949,8.368791276,4.184395638,13.71857
RJ09/RJ09_190914_21289_time_04_1,CoS_places,rh,-10.70317001,0.176490956,10.39919384,5.199596921,13.58309
RJ09/RJ09_190914_21289_time_04_1,mFus_faces,rh,-2.495248701,0.179919632,3.881422982,1.940711491,3.408915
RJ09/RJ09_190914_21289_time_04_1,OTS_bodies,rh,-7.210390195,-1.058224193,8.087350919,4.043675459,13.3331
AOK07/AOK07_191207_21927_time_04_1,V1,rh,-6.17945827,0.828967063,16.77085502,8.385427512,2.281854
AOK07/AOK07_191207_21927_time_04_1,V2,rh,-6.38614026,0.033944369,15.60954911,7.804774553,2.852701
AOK07/AOK07_191207_21927_time_04_1,V3,rh,-6.065518893,0.825327178,15.45691058,7.72845529,3.87279
AOK07/AOK07_191207_21927_time_04_1,hV4,rh,-3.663214344,0.439353366,7.79464991,3.897324955,4.426894
AOK07/AOK07_191207_21927_time_04_1,VO,rh,-9.059681154,1.51090356,11.71772051,5.858860256,11.8594
AOK07/AOK07_191207_21927_time_04_1,PHC,rh,-9.060700416,3.526884399,12.16668561,6.083342807,16.32292
AOK07/AOK07_191207_21927_time_04_1,CoS_places,rh,-6.963777087,1.474260398,12.74822283,6.374111416,14.07344
AOK07/AOK07_191207_21927_time_04_1,mFus_faces,rh,-1.473449844,3.238353577,15.37496399,7.687481994,13.89034
AOK07/AOK07_191207_21927_time_04_1,OTS_bodies,rh,-4.796373747,3.470898269,6.439689763,3.219844882,13.52124
CS11/CS11_190203_19652_time_03_1,V1,rh,-5.296394501,-1.932475245,16.22971999,8.114859997,3.467986
CS11/CS11_190203_19652_time_03_1,V2,rh,-5.473298038,-1.626944327,15.72561079,7.862805395,3.697528
CS11/CS11_190203_19652_time_03_1,V3,rh,-7.010449112,0.850737811,15.22814656,7.61407328,6.68665
CS11/CS11_190203_19652_time_03_1,hV4,rh,-7.846588256,-0.605053032,11.17332857,5.586664283,8.349318
CS11/CS11_190203_19652_time_03_1,VO,rh,-8.000736208,2.147532095,12.97198685,6.485993423,14.69335
CS11/CS11_190203_19652_time_03_1,PHC,rh,-9.751419181,1.024484839,9.883691111,4.941845555,19.17782
CS11/CS11_190203_19652_time_03_1,pFus_faces,rh,-3.283239115,-2.693646226,5.272670665,2.636335332,13.25937
CS11/CS11_190203_19652_time_03_1,pOTS_words,rh,-2.086189104,-4.909994246,15.00235731,7.501178656,20.04108
CS11/CS11_190203_19652_time_03_1,CoS_places,rh,-5.460091057,-0.571193643,9.910268171,4.955134086,20.06426
CS11/CS11_190203_19652_time_03_1,mOTS_words,rh,4.195834591,2.757170533,3.572586299,1.78629315,19.71517
GEJA09/GEJA09_190921_21343_time_04_1,V1,rh,-6.176057227,1.025421031,12.71111901,6.355559504,3.111041
GEJA09/GEJA09_190921_21343_time_04_1,V2,rh,-6.434208173,-0.796614581,11.72352658,5.861763292,4.204788
GEJA09/GEJA09_190921_21343_time_04_1,V3,rh,-6.171474118,-0.724097614,11.37728099,5.688640494,4.876619
GEJA09/GEJA09_190921_21343_time_04_1,hV4,rh,-9.361623235,-2.935904442,8.943354985,4.471677492,8.608941
GEJA09/GEJA09_190921_21343_time_04_1,VO,rh,-10.7259983,3.38043283,9.802800801,4.9014004,13.34645
GEJA09/GEJA09_190921_21343_time_04_1,PHC,rh,-17.15482603,0.524428117,9.074871866,4.537435933,22.37205
GEJA09/GEJA09_190921_21343_time_04_1,pFus_faces,rh,-1.319500214,-0.470640668,9.29554541,4.647772705,8.842228
GEJA09/GEJA09_190921_21343_time_04_1,CoS_places,rh,-14.4050242,-1.558610905,9.400076126,4.700038063,21.44745
GEJA09/GEJA09_190921_21343_time_04_1,OTS_bodies,rh,-7.607700161,-7.045935455,14.25409735,7.127048674,19.07925
MDT09/MDT09_191006_21450_time_03_1,V1,rh,-5.723222405,-2.480093424,17.1913878,8.595693902,3.157752
MDT09/MDT09_191006_21450_time_03_1,V2,rh,-5.819250861,-1.662428428,16.56548341,8.282741707,3.737437
MDT09/MDT09_191006_21450_time_03_1,V3,rh,-5.524811039,-1.676930446,16.19856402,8.099282009,5.04212
MDT09/MDT09_191006_21450_time_03_1,hV4,rh,-5.719858042,-0.072285907,12.73799772,6.36899886,6.931694
MDT09/MDT09_191006_21450_time_03_1,VO,rh,-10.91308209,2.919701124,14.99870379,7.499351894,14.74054
MDT09/MDT09_191006_21450_time_03_1,PHC,rh,-10.47181927,2.486674089,9.642505934,4.821252967,14.76289
MDT09/MDT09_191006_21450_time_03_1,pFus_faces,rh,-2.72777507,-0.482184482,3.112423308,1.556211654,9.923696
MDT09/MDT09_191006_21450_time_03_1,pOTS_words,rh,-4.592473412,-0.084244236,3.704982902,1.852491451,7.893572
MDT09/MDT09_191006_21450_time_03_1,CoS_places,rh,-9.324175293,1.652629785,10.48051563,5.240257817,15.38299
MDT09/MDT09_191006_21450_time_03_1,mFus_faces,rh,-0.951964762,0.109302163,3.9287106,1.9643553,7.315218
MDT09/MDT09_191006_21450_time_03_1,mOTS_words,rh,-3.149929257,-0.714741096,4.605249289,2.302624645,10.3067
DAPA10/DAPA10_190112_19476_time_03_1,V1,rh,-4.825730979,0.329754046,15.70987578,7.854937889,4.282741
DAPA10/DAPA10_190112_19476_time_03_1,V2,rh,-5.686220897,-0.60703759,14.90523182,7.452615912,4.450641
DAPA10/DAPA10_190112_19476_time_03_1,V3,rh,-6.091854977,-2.199311413,13.83128686,6.915643428,5.728322
DAPA10/DAPA10_190112_19476_time_03_1,hV4,rh,-6.720704531,1.272549046,12.0980526,6.0490263,7.300505
DAPA10/DAPA10_190112_19476_time_03_1,VO,rh,-8.069488728,-0.346980311,11.14078705,5.570393523,9.742717
DAPA10/DAPA10_190112_19476_time_03_1,PHC,rh,-5.996972667,0.469879106,11.81122805,5.905614023,9.368876
DAPA10/DAPA10_190112_19476_time_03_1,pFus_faces,rh,-2.379746869,-1.632678439,3.62275936,1.81137968,8.549751
DAPA10/DAPA10_190112_19476_time_03_1,pOTS_words,rh,-2.531766871,-5.010147213,9.544104858,4.772052429,11.79085
DAPA10/DAPA10_190112_19476_time_03_1,CoS_places,rh,-4.834652008,-0.024660218,5.862441715,2.931220858,9.322071
DAPA10/DAPA10_190112_19476_time_03_1,mFus_faces,rh,-1.766686924,-1.140449568,3.721462414,1.860731207,9.185745
DAPA10/DAPA10_190112_19476_time_03_1,OTS_bodies,rh,-2.105154429,-6.267665868,7.378922823,3.689461411,8.806258
DAPA10/DAPA10_190112_19476_time_03_1,mOTS_words,rh,-4.594276111,-1.828960229,3.7554643,1.87773215,8.954099
STM10/STM10_190903_21220_time_03_1,V1,rh,-5.92716035,-0.116030055,17.41327602,8.706638009,2.923537
STM10/STM10_190903_21220_time_03_1,V2,rh,-5.609626575,1.015066631,14.7883855,7.394192751,3.577775
STM10/STM10_190903_21220_time_03_1,V3,rh,-5.702800532,1.203153243,15.86226899,7.931134495,4.932024
STM10/STM10_190903_21220_time_03_1,hV4,rh,-6.302080666,-0.604163233,11.04431823,5.522159116,6.943814
STM10/STM10_190903_21220_time_03_1,VO,rh,-5.870465073,2.3063032,11.28656239,5.643281193,9.199085
STM10/STM10_190903_21220_time_03_1,PHC,rh,-8.794108555,5.897265919,9.528672308,4.764336154,14.247
STM10/STM10_190903_21220_time_03_1,pFus_faces,rh,-4.075041288,0.593692793,8.097597031,4.048798515,9.477779
STM10/STM10_190903_21220_time_03_1,CoS_places,rh,-6.566063122,3.359237509,9.280745799,4.640372899,14.09696
STM10/STM10_190903_21220_time_03_1,mFus_faces,rh,-2.724960093,-0.329139593,4.084755978,2.042377989,12.44277
STM10/STM10_190903_21220_time_03_1,OTS_bodies,rh,-2.548327573,-0.410380842,3.292693297,1.646346648,11.89817
DAPA10/DAPA10_191012_21490_time_04_1,V1,rh,-5.152932537,0.337842096,15.63284878,7.816424391,3.127428
DAPA10/DAPA10_191012_21490_time_04_1,V2,rh,-7.15713602,0.150926912,14.86975332,7.434876659,3.84602
DAPA10/DAPA10_191012_21490_time_04_1,V3,rh,-5.838931911,-0.727970586,15.33488956,7.667444779,4.742478
DAPA10/DAPA10_191012_21490_time_04_1,hV4,rh,-5.618215862,0.245851164,13.01084407,6.505422034,6.308679
DAPA10/DAPA10_191012_21490_time_04_1,VO,rh,-5.931984409,-1.268224433,10.40374332,5.201871659,7.722517
DAPA10/DAPA10_191012_21490_time_04_1,PHC,rh,-9.202045634,0.559321647,8.428024001,4.214012,9.317561
DAPA10/DAPA10_191012_21490_time_04_1,pFus_faces,rh,-4.477712537,0.682737665,4.675357474,2.337678737,8.722358
DAPA10/DAPA10_191012_21490_time_04_1,pOTS_words,rh,-7.328918133,-2.731473121,11.41104755,5.705523775,12.73056
DAPA10/DAPA10_191012_21490_time_04_1,CoS_places,rh,-6.967305079,2.367103582,7.808314906,3.904157453,8.895321
DAPA10/DAPA10_191012_21490_time_04_1,mFus_faces,rh,-4.900790513,1.642466111,5.766368566,2.883184283,8.926558
DAPA10/DAPA10_191012_21490_time_04_1,OTS_bodies,rh,-3.714280609,0.617894425,8.590892034,4.295446017,7.263788
DAPA10/DAPA10_191012_21490_time_04_1,mOTS_words,rh,-5.895341552,-1.67141728,6.030143637,3.015071819,8.47713
CGSA11/CGSA11_190921_21340_time_04_1,V1,rh,-3.908561917,0.455364008,16.08724619,8.043623095,2.633405
CGSA11/CGSA11_190921_21340_time_04_1,V2,rh,-5.28477182,-0.846889402,17.16178302,8.580891508,3.61987
CGSA11/CGSA11_190921_21340_time_04_1,V3,rh,-5.017070231,-0.391296909,15.16184539,7.580922695,4.54388
CGSA11/CGSA11_190921_21340_time_04_1,hV4,rh,-5.095212641,-1.46884308,6.009467472,3.004733736,5.893364
CGSA11/CGSA11_190921_21340_time_04_1,VO,rh,-7.965185687,-1.545370216,11.14431437,5.572157187,7.981295
CGSA11/CGSA11_190921_21340_time_04_1,PHC,rh,-9.471223449,0.673786299,10.34650639,5.173253195,11.38348
CGSA11/CGSA11_190921_21340_time_04_1,pFus_faces,rh,-4.556240683,-6.098579236,6.006378834,3.003189417,10.23327
CGSA11/CGSA11_190921_21340_time_04_1,pOTS_words,rh,-3.70858744,-3.591232681,1.369475469,0.684737735,8.810691
CGSA11/CGSA11_190921_21340_time_04_1,CoS_places,rh,-8.376181615,-0.666325846,7.458526474,3.729263237,10.17009
CGSA11/CGSA11_190921_21340_time_04_1,mFus_faces,rh,-4.413761425,-4.285313285,4.967126832,2.483563416,6.572168
CGSA11/CGSA11_190921_21340_time_04_1,OTS_bodies,rh,-5.306047317,-6.776965864,4.385769492,2.192884746,9.097007
OS12/OS12_190725_20947_time_06_1,V1,rh,-7.152374538,-1.094404841,13.8788827,6.939441352,2.512405
OS12/OS12_190725_20947_time_06_1,V2,rh,-6.776182563,-2.776964199,11.88768235,5.943841175,2.919644
OS12/OS12_190725_20947_time_06_1,V3,rh,-6.580947585,1.448512789,17.92534558,8.962672792,5.327166
OS12/OS12_190725_20947_time_06_1,hV4,rh,-6.592456505,-1.341343369,8.722196514,4.361098257,8.130877
OS12/OS12_190725_20947_time_06_1,VO,rh,-8.861312542,1.754091504,13.37073882,6.685369408,12.20613
OS12/OS12_190725_20947_time_06_1,PHC,rh,-9.410268493,1.16009317,9.993418572,4.996709286,13.07809
OS12/OS12_190725_20947_time_06_1,pFus_faces,rh,-2.859389192,-1.271098199,16.02898067,8.014490336,13.33022
OS12/OS12_190725_20947_time_06_1,CoS_places,rh,-10.29461124,2.861626341,10.98690269,5.493451344,15.34541
OS12/OS12_190725_20947_time_06_1,mFus_faces,rh,2.644285882,-4.250910449,2.281558096,1.140779048,12.83484
OS12/OS12_190725_20947_time_06_1,OTS_bodies,rh,-3.276861857,-11.06650141,13.69685224,6.848426121,86.06814
CR24,V1,rh,-3.928859241,-0.052457368,17.58144161,8.790720805,3.76543
CR24,V2,rh,-5.065913398,-1.056423353,17.26960854,8.63480427,4.235474
CR24,V3,rh,-4.426497718,-0.436864373,15.68749855,7.843749274,4.941521
CR24,hV4,rh,-4.896268068,2.654604598,7.441829985,3.720914993,5.219451
CR24,VO,rh,-8.993959905,2.771632138,10.88149289,5.440746447,10.04563
CR24,PHC,rh,-8.034855483,4.002439411,9.468046288,4.734023144,10.10106
CR24,pFus_faces,rh,-3.647458793,-1.459172018,10.81991499,5.409957495,10.69428
CR24,pOTS_words,rh,-5.942717758,-2.716386438,10.80204571,5.401022853,13.21722
CR24,CoS_places,rh,-7.411966253,2.781325985,8.245350227,4.122675114,10.07766
CR24,mFus_faces,rh,-2.013499419,-0.197713623,7.451510472,3.725755236,9.064689
CR24,OTS_bodies,rh,-4.569929561,-4.222219348,3.921667464,1.960833732,12.29785
CS22,V1,rh,-4.694258046,-0.798534618,17.1156229,8.557811449,3.894315
CS22,V2,rh,-5.768760308,-0.583122478,13.9772578,6.988628901,3.558132
CS22,V3,rh,-6.533243865,-0.020333376,12.71572185,6.357860924,4.85536
CS22,hV4,rh,-4.842561866,-2.36681204,8.400680774,4.200340387,5.589066
CS22,VO,rh,-7.721811109,-0.654036751,13.15716253,6.578581264,10.43515
CS22,pFus_faces,rh,-8.355657762,0.527650007,10.39284223,5.196421116,9.951152
CS22,CoS_places,rh,-9.746054942,-3.586525051,8.065459793,4.032729896,10.47034
CS22,mFus_faces,rh,-3.466588098,0.594686456,4.799881612,2.399940806,7.552338
EM,V1,rh,-5.852381614,-0.801555573,16.22120789,8.110603946,3.00116
EM,V2,rh,-6.387189596,0.119534034,14.14178998,7.070894989,3.413377
EM,V3,rh,-6.002217945,0.064323625,14.5029165,7.251458248,5.827331
EM,hV4,rh,-4.592734421,0.72920467,12.41213167,6.206065834,5.865582
EM,VO,rh,-8.579436165,-0.850759024,11.65677101,5.828385506,11.71627
EM,pFus_faces,rh,-5.711725789,-0.728312257,9.188623681,4.594311841,9.508686
EM,CoS_places,rh,-9.571610811,-4.208462545,10.62415301,5.312076506,14.36076
EM,mFus_faces,rh,-1.317609713,-2.298235741,8.548522199,4.2742611,8.000194
EM,OTS_bodies,rh,-1.836344442,-2.936034809,7.493261391,3.746630696,10.50948
ES,V1,rh,-5.772327028,-0.010575521,17.323988,8.661993998,3.123719
ES,V2,rh,-6.474082518,-0.471421981,13.52741608,6.763708042,3.826979
ES,V3,rh,-6.381343852,-0.631306191,14.03107765,7.015538824,5.505814
ES,hV4,rh,-6.218878752,1.881392149,8.865187805,4.432593903,7.350264
ES,VO,rh,-9.736818794,6.068159168,14.65952987,7.329764937,12.38116
ES,pFus_faces,rh,-2.838881304,0.094102329,9.739846405,4.869923203,11.12642
ES,pOTS_words,rh,-5.484460686,-2.949627513,13.82048024,6.910240121,10.77164
ES,CoS_places,rh,-9.564769818,4.976734513,10.38614604,5.193073019,13.16899
ES,mFus_faces,rh,-2.261967551,-1.837601376,4.965096071,2.482548036,6.922836
GB23,V1,rh,-5.187356078,1.270747377,20.41370918,10.20685459,2.534719
GB23,V2,rh,-5.189239019,0.271056038,14.57023379,7.285116895,2.612482
GB23,V3,rh,-5.329421482,-0.834068952,12.82509525,6.412547625,4.514714
GB23,hV4,rh,-5.548856828,0.361296288,9.055474529,4.527737265,6.725581
GB23,VO,rh,-6.946075484,2.984272144,11.16949226,5.58474613,8.10798
GB23,pFus_faces,rh,-3.898646216,0.873820486,5.114048392,2.557024196,7.683522
GB23,pOTS_words,rh,-3.538958113,-0.439748407,5.431540365,2.715770183,7.315392
GB23,CoS_places,rh,-6.523288,2.063320876,8.254809868,4.127404934,8.83946
JEW23,V1,rh,-6.518402894,2.193240056,19.72815508,9.864077538,3.29924
JEW23,V2,rh,-5.76166028,-1.499484958,19.80661386,9.903306932,3.643024
JEW23,V3,rh,-5.448805771,-3.176850141,15.83519051,7.917595254,5.6434
JEW23,hV4,rh,-4.780276627,-1.525035795,8.994752152,4.497376076,6.388981
JEW23,VO,rh,-5.915005902,1.309871219,15.26958449,7.634792243,9.688592
JEW23,PHC,rh,-11.36486968,-2.842392147,17.35705164,8.678525821,16.46792
JEW23,pFus_faces,rh,-1.590391115,-1.747360739,7.239759179,3.61987959,9.990972
JEW23,CoS_places,rh,-7.522794496,-0.411577331,13.43028748,6.715143738,13.26721
JEW23,OTS_bodies,rh,-0.806870044,-8.085618872,11.79915609,5.899578047,13.67576
JP23,V1,rh,-9.13698569,-0.609353086,13.24618036,6.623090179,2.632896
JP23,V2,rh,-9.114245239,0.46916019,12.74098352,6.370491761,3.720369
JP23,V3,rh,-7.666396036,-0.720345392,15.06611323,7.533056613,5.325147
JP23,hV4,rh,-4.951138962,0.662909461,7.559566916,3.779783458,6.006763
JP23,VO,rh,-7.891177394,1.164440833,10.63481609,5.317408047,10.97581
JP23,pFus_faces,rh,-4.615581089,-3.370547312,10.84186682,5.420933409,9.264887
JP23,CoS_places,rh,-5.783420326,-1.757422212,9.583312565,4.791656283,14.4099
JP23,mFus_faces,rh,-5.428843187,-3.8715391,11.86807809,5.934039047,10.00009
JP23,OTS_bodies,rh,0.580442536,-11.75529783,7.705000286,3.852500143,16.92994
JW,V1,rh,-4.936395286,0.042169381,16.0533195,8.02665975,3.200741
JW,V2,rh,-5.455031008,0.219906413,14.61186855,7.305934275,3.409937
JW,V3,rh,-4.734605539,-2.008788226,16.50322365,8.251611823,5.002893
JW,hV4,rh,-3.427456972,2.02614566,6.382567372,3.191283686,4.833133
JW,VO,rh,-4.576390903,0.828884255,8.780666263,4.390333131,8.224277
JW,PHC,rh,-9.624328962,0.333972763,15.20335826,7.601679128,14.08924
JW,pFus_faces,rh,-1.429750345,-2.157792597,5.315339236,2.657669618,8.956078
JW,pOTS_words,rh,-7.364773646,-5.423646888,7.65573288,3.82786644,18.71792
JW,CoS_places,rh,-5.755082122,0.32357975,7.664510332,3.832255166,14.09913
JW,mFus_faces,rh,-0.75407731,-2.475147077,4.255768519,2.127884259,7.69076
JW,OTS_bodies,rh,-2.460336576,-5.82788562,13.27023663,6.635118313,15.98351
KM25,V1,rh,-6.073949743,-2.396411645,14.58294918,7.291474591,2.993084
KM25,V2,rh,-5.819156375,-1.011695606,13.564739,6.782369501,3.607974
KM25,V3,rh,-6.760123472,-0.314878021,12.80767097,6.403835484,5.225929
KM25,hV4,rh,-4.827663571,1.328270521,5.34146193,2.670730965,5.768285
KM25,VO,rh,-6.524072908,0.027877587,9.458407476,4.729203738,7.165728
KM25,pFus_faces,rh,-2.337963714,-0.242259053,6.27873497,3.139367485,6.359931
KM25,pOTS_words,rh,-3.924681239,-1.349121328,9.311233976,4.655616988,8.325626
KM25,CoS_places,rh,-8.908198393,-0.431940939,6.893285633,3.446642817,9.811894
KM25,mFus_faces,rh,-3.622337658,2.537986404,9.07232916,4.53616458,8.337167
MG,V1,rh,-7.543540642,-1.299534406,14.93653667,7.468268335,3.244471
MG,V2,rh,-5.361290377,0.459154972,19.77928449,9.889642243,3.74293
MG,V3,rh,-4.992021519,-0.839674096,12.35629293,6.178146465,4.587641
MG,hV4,rh,-5.226748962,0.572279736,7.296952711,3.648476356,6.435342
MG,VO,rh,-10.32192078,2.240759917,10.27671476,5.138357382,10.15775
MG,pFus_faces,rh,-4.111915145,-1.311569268,11.28453621,5.642268105,12.17615
MG,pOTS_words,rh,-3.298237309,-3.451171592,7.520115237,3.760057618,10.39529
MG,CoS_places,rh,-7.8163463,-0.191016555,12.31616419,6.158082093,14.26071
MG,mFus_faces,rh,-0.766722431,-2.227831496,4.022557801,2.011278901,8.987578
MG,OTS_bodies,rh,-1.052794818,-3.762304339,3.134418143,1.567209072,9.715125
MG,mOTS_words,rh,-1.622951845,-3.599367376,2.825166932,1.412583466,10.4256
MJH25,V1,rh,-6.051211901,-0.414903497,17.62031133,8.810155665,4.21858
MJH25,V2,rh,-5.331773231,-2.429964623,13.80730762,6.903653812,4.19535
MJH25,V3,rh,-5.469594599,-1.092099293,14.56156147,7.280780734,5.278963
MJH25,hV4,rh,-5.411440914,0.749747775,9.957837326,4.978918663,7.536524
MJH25,VO,rh,-7.884559353,1.191998776,13.3583078,6.679153899,10.67264
MJH25,PHC,rh,-9.811207137,1.915535052,7.69118572,3.84559286,12.07696
MJH25,pFus_faces,rh,-3.560333305,-0.128081347,9.256643408,4.628321704,10.97722
MJH25,pOTS_words,rh,-3.619188925,-2.515904278,8.000376919,4.00018846,9.756682
MJH25,CoS_places,rh,-9.693231469,3.527970642,7.641651265,3.820825632,12.42652
MJH25,mFus_faces,rh,-1.532511319,-1.908901854,5.578972067,2.789486034,9.829825
MJH25,OTS_bodies,rh,-5.455197046,-3.112526135,8.604681428,4.302340714,12.42783
MN,V1,rh,-5.986896141,-1.250729025,13.62049174,6.810245869,3.699078
MN,V2,rh,-5.792947448,-1.329577083,15.50992286,7.754961432,3.507302
MN,V3,rh,-5.432106022,-1.568668198,13.79982597,6.899912986,5.004579
MN,hV4,rh,-4.641121655,0.348243927,10.07060875,5.035304375,6.187843
MN,VO,rh,-9.732072775,-0.743954958,10.4679313,5.233965651,11.83309
MN,pFus_faces,rh,-1.921197204,-3.096985203,3.697935321,1.84896766,10.02238
MN,pOTS_words,rh,-2.338869349,-1.245162019,6.656133352,3.328066676,5.459946
MN,CoS_places,rh,-11.44009847,-5.01449159,9.954563564,4.977281782,17.21786
MN,mFus_faces,rh,-3.740962933,-2.444339848,4.379368072,2.189684036,7.369426
MN,OTS_bodies,rh,-4.392904656,-2.879654867,5.828486912,2.914243456,10.98012
MN,mOTS_words,rh,-6.517085657,-1.646834077,12.41273816,6.206369078,11.55969
MW23,V1,rh,-6.517975815,-1.747058312,16.63153797,8.315768983,2.29944
MW23,V2,rh,-5.742399667,0.66967202,14.61274847,7.306374235,2.93698
MW23,V3,rh,-4.577893054,-1.270620283,14.29572692,7.147863462,4.983274
MW23,hV4,rh,-5.284707423,0.679751744,8.789960854,4.394980427,6.045529
MW23,VO,rh,-7.840956249,1.414952826,14.26317624,7.131588121,12.29013
MW23,PHC,rh,-7.814132751,0.124479275,9.852134056,4.926067028,13.61445
MW23,pFus_faces,rh,-1.162432658,-1.154464652,5.323216888,2.661608444,9.553133
MW23,CoS_places,rh,-4.336301702,0.643572436,11.49465784,5.747328918,12.34316
MW23,mFus_faces,rh,-2.058284035,-2.216835779,3.751701313,1.875850656,10.64757
MW23,OTS_bodies,rh,-2.874537717,-2.737639373,5.314183697,2.657091848,11.20659
MZ23,V1,rh,-8.8401327,-1.710942265,15.88651138,7.943255691,3.138778
MZ23,V2,rh,-6.836909015,0.124690429,16.54252848,8.271264238,3.473923
MZ23,V3,rh,-6.421735099,-1.35405267,14.9847757,7.492387851,4.860574
MZ23,hV4,rh,-4.501838768,0.201434278,5.866355578,2.933177789,5.381269
MZ23,VO,rh,-8.13802541,2.153966297,8.354880816,4.177440408,8.600976
MZ23,PHC,rh,-9.566041097,5.209094497,11.18487125,5.592435624,12.1167
MZ23,pFus_faces,rh,-2.728731658,1.658361039,6.026069652,3.013034826,9.707166
MZ23,pOTS_words,rh,-6.369469359,-4.394171306,9.892702228,4.946351114,11.7586
MZ23,CoS_places,rh,-9.074082282,2.841531873,7.559871314,3.779935657,10.90523
MZ23,mFus_faces,rh,-1.614511288,0.920219442,3.968527851,1.984263926,7.776712
MZ23,OTS_bodies,rh,-5.860615734,-6.341880603,7.435686673,3.717843337,20.08657
NAV22,V1,rh,-6.08649992,-0.183043882,15.48650103,7.743250516,3.542327
NAV22,V2,rh,-6.170228406,-0.483967867,15.04452363,7.522261814,4.048951
NAV22,V3,rh,-8.144478706,-3.142020966,11.95159259,5.975796296,6.196236
NAV22,hV4,rh,-6.41840817,-0.863596958,8.908574656,4.454287328,6.650665
NAV22,VO,rh,-8.443072921,1.309013437,12.36748472,6.18374236,12.55394
NAV22,PHC,rh,-6.896158179,4.296686843,12.02336424,6.011682119,17.97841
NAV22,pFus_faces,rh,-9.137160524,3.763260134,7.731238192,3.865619096,13.04461
NAV22,pOTS_words,rh,-6.203543656,0.534381396,3.655260503,1.827630251,9.135007
NAV22,CoS_places,rh,-8.935592044,3.048842129,10.81275791,5.406378954,13.94947
NAV22,mFus_faces,rh,-5.379917843,2.741950261,9.982804835,4.991402418,10.13562
NAV22,OTS_bodies,rh,-4.144146644,0.97870343,1.413592584,0.706796292,10.30157
NC24,V1,rh,-5.446619694,4.541481183,19.5336018,9.7668009,2.59375
NC24,V2,rh,-6.549984243,1.090203805,17.09156866,8.545784331,3.413977
NC24,V3,rh,-5.225959446,0.320179111,15.04107218,7.52053609,3.625119
NC24,hV4,rh,-4.884811802,1.728037025,10.22153675,5.110768373,6.595542
NC24,VO,rh,-11.2778861,4.546521019,12.03168447,6.015842236,11.46679
NC24,PHC,rh,-9.732825095,3.287153445,10.31122406,5.15561203,15.05241
NC24,pOTS_words,rh,-3.629901748,-1.645938968,2.722436877,1.361218439,11.48145
NC24,CoS_places,rh,-6.594877053,1.390257839,10.70949609,5.354748044,11.80484
NC24,mFus_faces,rh,-2.839883785,-0.453205899,3.623695958,1.811847979,10.08844
SP,V1,rh,-5.915056266,-1.35066173,15.51756302,7.758781508,2.991346
SP,V2,rh,-6.318516114,-0.091921373,14.5644482,7.2822241,3.773151
SP,V3,rh,-6.743688627,-0.796446531,14.40225598,7.201127989,6.296058
SP,hV4,rh,-4.986141784,0.186076194,8.772978509,4.386489254,6.093067
SP,VO,rh,-8.340141622,0.923742198,11.64511498,5.822557488,9.251401
SP,pFus_faces,rh,-2.726060433,-1.651761043,6.164654728,3.082327364,7.904805
SP,CoS_places,rh,-8.918109827,-1.067367912,12.81477213,6.407386067,14.08658
SP,mFus_faces,rh,-3.136263456,-1.581042606,6.547641217,3.273820609,8.792464
SP,OTS_bodies,rh,-3.174808143,-2.819777435,5.378750615,2.689375308,8.542736
ST25,V1,rh,-7.940321146,-0.239177188,14.61811652,7.309058262,2.35144
ST25,V2,rh,-6.637574803,-0.57496158,17.08889824,8.544449118,3.411539
ST25,V3,rh,-6.795217463,-0.426859554,13.46573527,6.732867635,5.775934
ST25,hV4,rh,-7.851823702,3.567930485,9.429795031,4.714897516,9.979417
ST25,pFus_faces,rh,-4.7361941,-1.054613778,12.02267971,6.011339857,9.326368
ST25,pOTS_words,rh,-3.733091995,-0.244535896,3.377977933,1.688988966,5.209464
ST25,CoS_places,rh,-7.62759694,1.430387944,8.438119149,4.219059575,10.44545
ST25,mFus_faces,rh,-2.558952924,-0.167497584,6.218476529,3.109238264,8.094848
ST25,OTS_bodies,rh,-4.549827352,-1.405145799,7.952803458,3.976401729,9.737399
ST25,mOTS_words,rh,-7.027932599,-3.732698255,8.855422307,4.427711154,9.034923
TH,V1,rh,-5.511835322,-1.54109839,17.65242258,8.826211289,2.760185
TH,V2,rh,-5.30341098,-1.777306992,15.19515008,7.597575041,3.516818
TH,V3,rh,-5.242401947,-0.128940576,15.54305742,7.771528711,4.365569
TH,hV4,rh,-5.814469849,-1.082608178,9.216880374,4.608440187,6.132529
TH,VO,rh,-10.61631797,2.795722797,14.19274187,7.096370936,9.459912
TH,pFus_faces,rh,-2.315561482,-2.54686597,9.742910396,4.871455198,9.419558
TH,pOTS_words,rh,-2.515807277,-5.608815959,11.72630432,5.863152159,10.76681
TH,CoS_places,rh,-5.136169313,-5.038048928,10.31783929,5.158919645,9.859446
TH,mFus_faces,rh,0.485830169,-2.222053243,5.331135814,2.665567907,7.062348
TH,OTS_bodies,rh,0.294073078,-4.408610569,12.10892293,6.054461467,9.151834
TH,mOTS_words,rh,9.592329476,-10.72065608,9.29845333,4.649226665,13.79498
TL24,V1,rh,-3.26690166,-2.563167585,17.1380276,8.569013802,2.6328
TL24,V2,rh,-4.206657531,4.285432832,16.10038454,8.050192268,2.977391
TL24,V3,rh,-5.174977678,-0.09473198,12.45539165,6.227695826,6.208395
TL24,hV4,rh,-5.788926091,1.891550315,7.653634025,3.826817012,9.930318
TL24,CoS_places,rh,-5.298718198,5.139328542,9.051294971,4.525647486,11.2832
TL24,OTS_bodies,rh,-4.14739749,-8.2155294,6.004094148,3.002047074,11.44533
JG24,V1,rh,-5.746125098,-1.65297931,15.90727978,7.95363989,3.581122
JG24,V2,rh,-4.970903449,1.022263866,14.95597939,7.477989696,3.502715
JG24,V3,rh,-7.142508921,-1.729028309,15.14996876,7.57498438,5.763491
JG24,hV4,rh,-2.73629609,-0.540224917,8.454006501,4.227003251,3.883912
JG24,VO,rh,-8.363273097,0.511997787,13.23420678,6.61710339,9.510342
MSH28,V1,rh,-5.494403118,0.256375486,14.77505743,7.387528713,3.281728
MSH28,V2,rh,-6.289014446,0.170109468,14.39060218,7.195301089,3.634079
MSH28,V3,rh,-6.50282275,0.164085686,13.01730594,6.508652971,5.147963
MSH28,hV4,rh,-5.398544512,-2.453102317,11.99437017,5.997185084,7.224494
MSH28,VO,rh,-9.100987011,2.219250965,11.56228175,5.781140877,10.35443
MSH28,pFus_faces,rh,-5.702848201,-2.223128026,6.771673642,3.385836821,8.52332
KG22,V1,rh,-7.154907561,-2.459111698,17.34142342,8.670711711,3.511407
KG22,V2,rh,-6.456386004,-0.958321055,17.21603574,8.60801787,4.277205
KG22,V3,rh,-5.478737369,-0.807275309,14.88264048,7.441320238,5.366097
KG22,hV4,rh,-5.664350864,1.396405989,8.990243436,4.495121718,5.609586
KG22,VO,rh,-9.785477797,4.41812408,12.07359325,6.036796625,9.990483
KG22,pFus_faces,rh,-4.480492453,-0.997554568,3.193785759,1.59689288,7.747791
KG22,CoS_places,rh,-4.027477108,0.632851456,10.10574911,5.052874556,6.709074
KG22,mFus_faces,rh,-0.319494217,-0.7489684,3.67400896,1.83700448,5.054364
KG22,OTS_bodies,rh,-5.611483117,-1.059073734,5.297456503,2.648728252,10.25559
VN26,V1,rh,-9.364219327,3.308307786,14.45226423,7.226132115,2.62317
VN26,V2,rh,-7.623580474,2.204852105,16.18815247,8.094076233,3.721504
VN26,V3,rh,-6.833570644,-1.771191171,13.62950219,6.814751093,5.430023
VN26,hV4,rh,-7.195766725,2.187648216,6.344188867,3.172094433,7.383575
VN26,VO,rh,-7.321679786,1.51178235,7.428613382,3.714306691,9.320539
VN26,pFus_faces,rh,-3.909689718,-3.372100597,9.702264317,4.851132159,12.26148
VN26,CoS_places,rh,-7.144484428,-0.96627078,11.17477659,5.587388297,14.24111
VN26,mFus_faces,rh,-3.114888476,-4.182885989,2.421316641,1.21065832,8.837735
VN26,mOTS_words,rh,-1.666744586,-2.345465194,2.432311959,1.216155979,8.316902
DRS22,V1,rh,-6.178809738,-0.363060477,14.15508618,7.077543092,1.965919
DRS22,V2,rh,-6.634182745,0.951656858,16.28032363,8.140161815,3.345835
DRS22,V3,rh,-5.7126458,-4.121744021,16.92880041,8.464400207,5.405056
DRS22,hV4,rh,-4.662875898,-0.918847054,7.445313959,3.72265698,6.510995
DRS22,VO,rh,-8.50191477,1.735582775,12.02158963,6.010794814,10.06025
DRS22,pFus_faces,rh,-3.301000834,-0.018773153,5.771071371,2.885535686,9.427766
DRS22,CoS_places,rh,-8.199103308,9.475589657,11.90045373,5.950226864,16.60908
DRS22,mFus_faces,rh,-5.363638521,-1.222112966,6.958352552,3.479176276,8.91768
DRS22,OTS_bodies,rh,-5.801362824,0.959723013,11.68761446,5.843807228,9.957927
MBA24,V1,rh,-7.050536724,-4.586142411,15.95028744,7.975143719,3.294906
MBA24,V2,rh,-7.309773991,0.341713417,15.48864433,7.744322165,3.344976
MBA24,V3,rh,-7.400932573,1.967193848,10.3958441,5.197922052,5.316272
MBA24,hV4,rh,-4.332791094,-0.674604878,5.659398654,2.829699327,5.144201
MBA24,VO,rh,-8.035360039,0.103960398,7.992867616,3.996433808,9.184489
MBA24,pFus_faces,rh,-2.325259757,-2.028744039,2.7341863,1.36709315,9.56618
MBA24,pOTS_words,rh,-3.218187972,-3.03632323,5.257129886,2.628564943,11.83174
MBA24,CoS_places,rh,-8.095309004,-0.620404188,9.56063552,4.78031776,10.31764
MBA24,OTS_bodies,rh,-2.369107886,-6.105104948,8.686983289,4.343491645,8.778494
DF,V1,rh,-6.380550521,-0.030426025,16.0662976,8.033148801,2.49051
DF,V2,rh,-6.565000479,0.001133837,15.6906725,7.845336252,3.60932
DF,V3,rh,-6.89115463,-0.635175103,15.23233424,7.616167121,5.119715
DF,hV4,rh,-6.201039333,0.10050012,8.972069514,4.486034757,6.142528
DF,VO,rh,-8.552423992,2.137331471,11.11108468,5.555542342,10.36833
DF,pFus_faces,rh,-3.08748731,-0.402286871,5.941782463,2.970891232,8.869967
DF,pOTS_words,rh,-3.774829356,-2.545067761,7.437216386,3.718608193,11.49537
DF,CoS_places,rh,-7.891857045,-1.255296265,7.331262991,3.665631495,11.65864
DF,mFus_faces,rh,-1.349132578,-0.766034919,8.625778772,4.312889386,10.50238
ENK05/ENK05_190317_19993_time_03_1,V1,lh,7.841438417,0.067166051,16.20575586,8.102877931,2.549268
ENK05/ENK05_190317_19993_time_03_1,V2,lh,8.218131462,1.662511923,12.17569864,6.087849322,3.370162
ENK05/ENK05_190317_19993_time_03_1,V3,lh,7.912366165,-0.905432909,11.96701271,5.983506353,4.768579
ENK05/ENK05_190317_19993_time_03_1,hV4,lh,5.629787439,4.286705477,8.605436388,4.302718194,7.10501
ENK05/ENK05_190317_19993_time_03_1,VO,lh,8.127525633,3.240910743,11.07095959,5.535479796,10.23529
ENK05/ENK05_190317_19993_time_03_1,PHC,lh,14.30771652,0.84590691,10.2672679,5.133633949,17.74368
ENK05/ENK05_190317_19993_time_03_1,pFus_faces,lh,5.042165111,2.302510728,2.668958022,1.334479011,10.36895
ENK05/ENK05_190317_19993_time_03_1,pOTS_words,lh,4.238875593,-2.302639161,7.35864504,3.67932252,9.79172
ENK05/ENK05_190317_19993_time_03_1,mOTS_words,lh,4.826016034,-0.096098002,6.09234651,3.046173255,12.68814
CLC06/CLC06_190912_21275_time_04_1,V1,lh,6.08773608,-3.548528219,15.13370824,7.566854121,2.590296
CLC06/CLC06_190912_21275_time_04_1,V2,lh,6.746237832,-1.483687559,16.06015251,8.030076257,3.673574
CLC06/CLC06_190912_21275_time_04_1,V3,lh,6.741585727,0.733805787,13.3649118,6.682455899,4.469101
CLC06/CLC06_190912_21275_time_04_1,hV4,lh,5.341603523,1.801269594,8.294100076,4.147050038,4.60219
CLC06/CLC06_190912_21275_time_04_1,VO,lh,9.341519932,4.536056913,11.00916045,5.504580224,10.18241
CLC06/CLC06_190912_21275_time_04_1,PHC,lh,12.03736696,2.313424139,7.901987848,3.950993924,15.1077
CLC06/CLC06_190912_21275_time_04_1,pFus_faces,lh,3.799846232,-0.456664485,2.685838078,1.342919039,5.410025
CLC06/CLC06_190912_21275_time_04_1,CoS_places,lh,9.586907508,3.008124547,9.944138876,4.972069438,12.56453
CLC06/CLC06_190912_21275_time_04_1,mFus_faces,lh,4.249770702,2.02456996,4.145111634,2.072555817,8.768992
ED07/ED07_190914_21286_time_04_1,V1,lh,6.689485276,-0.279977429,16.00957784,8.004788919,2.641736
ED07/ED07_190914_21286_time_04_1,V2,lh,6.113855991,-1.032315545,14.17853525,7.089267627,3.702567
ED07/ED07_190914_21286_time_04_1,V3,lh,6.524503041,-1.453017691,14.45937,7.229684998,4.722635
ED07/ED07_190914_21286_time_04_1,hV4,lh,5.767201128,0.824783347,10.72078569,5.360392846,5.165133
ED07/ED07_190914_21286_time_04_1,VO,lh,8.609674845,2.512998444,12.86433819,6.432169094,10.47338
ED07/ED07_190914_21286_time_04_1,pFus_faces,lh,6.46882433,0.045813213,6.816921899,3.408460949,9.606373
ED07/ED07_190914_21286_time_04_1,pOTS_words,lh,4.279952813,-4.64243229,8.536633894,4.268316947,10.84462
ED07/ED07_190914_21286_time_04_1,CoS_places,lh,9.2298156,7.452832079,9.527991521,4.76399576,12.59519
ED07/ED07_190914_21286_time_04_1,mFus_faces,lh,3.626828398,-0.885360381,2.10662006,1.05331003,7.035107
ED07/ED07_190914_21286_time_04_1,OTS_bodies,lh,4.17989226,-2.318271234,6.866701997,3.433350998,5.67921
ENK05/ENK05_191208_21930_time_04_1,V1,lh,8.097184398,0.865262804,16.61566377,8.307831887,2.666622
ENK05/ENK05_191208_21930_time_04_1,V2,lh,6.673007156,1.406436727,12.9013435,6.450671748,2.862057
ENK05/ENK05_191208_21930_time_04_1,V3,lh,7.324070091,-0.00468022,12.9554341,6.477717052,4.447021
ENK05/ENK05_191208_21930_time_04_1,hV4,lh,4.075148728,3.325961921,4.453309341,2.226654671,4.259446
ENK05/ENK05_191208_21930_time_04_1,VO,lh,6.581064304,3.927560577,9.774604883,4.887302441,8.227786
ENK05/ENK05_191208_21930_time_04_1,PHC,lh,10.59703424,-0.478717055,10.72500744,5.362503718,11.57747
ENK05/ENK05_191208_21930_time_04_1,pFus_faces,lh,9.224184149,0.950787319,9.992282855,4.996141427,14.14555
ENK05/ENK05_191208_21930_time_04_1,pOTS_words,lh,5.647286766,-0.971391932,8.395074742,4.197537371,10.04373
ENK05/ENK05_191208_21930_time_04_1,CoS_places,lh,14.31481731,1.676566607,8.541191192,4.270595596,17.08977
ENK05/ENK05_191208_21930_time_04_1,mFus_faces,lh,11.14693319,-0.273663925,12.14244714,6.071223571,17.05018
ENK05/ENK05_191208_21930_time_04_1,OTS_bodies,lh,11.72209887,-7.25851176,8.320768062,4.160384031,18.74954
INW06/INW06_191103_21656_time_04_1,V1,lh,7.126915738,-1.931578667,14.28815599,7.144077997,3.664486
INW06/INW06_191103_21656_time_04_1,V2,lh,6.564573036,0.080886108,16.07011781,8.035058907,3.307694
INW06/INW06_191103_21656_time_04_1,V3,lh,7.427157292,-1.331461827,13.1224554,6.5612277,3.847858
INW06/INW06_191103_21656_time_04_1,hV4,lh,6.66591919,2.333981961,9.429855804,4.714927902,4.820837
INW06/INW06_191103_21656_time_04_1,VO,lh,11.86753095,3.03900494,11.31438477,5.657192387,8.599862
INW06/INW06_191103_21656_time_04_1,PHC,lh,12.69247753,2.976537619,7.746741224,3.873370612,13.27052
INW06/INW06_191103_21656_time_04_1,pFus_faces,lh,6.754650211,-2.988170933,2.367910909,1.183955455,8.865652
INW06/INW06_191103_21656_time_04_1,pOTS_words,lh,5.646372531,-5.507756737,6.348998453,3.174499227,7.885751
INW06/INW06_191103_21656_time_04_1,CoS_places,lh,12.07258163,2.836446211,8.058858121,4.029429061,13.60311
INW06/INW06_191103_21656_time_04_1,mFus_faces,lh,5.311966701,-2.461116812,9.937943135,4.968971567,13.85116
INW06/INW06_191103_21656_time_04_1,mOTS_words,lh,5.476282025,-5.153848162,8.419721887,4.209860943,11.15806
RJ09/RJ09_190914_21289_time_04_1,V1,lh,6.925447068,0.253145728,16.8697663,8.434883149,2.860258
RJ09/RJ09_190914_21289_time_04_1,V2,lh,8.000275932,-2.180371456,12.93045484,6.46522742,3.808558
RJ09/RJ09_190914_21289_time_04_1,V3,lh,9.118741103,0.324991067,11.30027854,5.650139272,5.925589
RJ09/RJ09_190914_21289_time_04_1,hV4,lh,6.885883674,4.691673146,9.110125771,4.555062885,5.944915
RJ09/RJ09_190914_21289_time_04_1,VO,lh,11.81180654,2.172425884,9.396713428,4.698356714,11.53519
RJ09/RJ09_190914_21289_time_04_1,PHC,lh,11.14021458,5.108784639,13.52194833,6.760974166,12.76681
RJ09/RJ09_190914_21289_time_04_1,pFus_faces,lh,6.512179063,0.507188571,3.976525366,1.988262683,8.854673
RJ09/RJ09_190914_21289_time_04_1,pOTS_words,lh,3.964700353,1.080774457,6.320857653,3.160428827,9.286001
RJ09/RJ09_190914_21289_time_04_1,CoS_places,lh,8.76315898,4.044214939,9.809136033,4.904568016,12.48397
RJ09/RJ09_190914_21289_time_04_1,mFus_faces,lh,0.677350407,1.95337068,2.761189642,1.380594821,6.154774
RJ09/RJ09_190914_21289_time_04_1,OTS_bodies,lh,3.062508558,-3.274563096,6.125604576,3.062802288,11.8447
RJ09/RJ09_190914_21289_time_04_1,mOTS_words,lh,1.327981286,-6.493692183,11.40901811,5.704509057,14.28934
AOK07/AOK07_191207_21927_time_04_1,V1,lh,6.876712843,1.047528636,14.17032613,7.085163067,2.546238
AOK07/AOK07_191207_21927_time_04_1,V2,lh,6.164362117,0.39560519,13.32019057,6.660095285,3.099826
AOK07/AOK07_191207_21927_time_04_1,V3,lh,6.338793789,-0.09045057,13.55196464,6.77598232,4.308357
AOK07/AOK07_191207_21927_time_04_1,hV4,lh,7.167393271,1.30121742,9.602598212,4.801299106,6.190938
AOK07/AOK07_191207_21927_time_04_1,VO,lh,11.80310452,1.063706315,9.734070592,4.867035296,12.42233
AOK07/AOK07_191207_21927_time_04_1,pFus_faces,lh,6.841247407,1.319844321,1.971604559,0.98580228,7.329511
AOK07/AOK07_191207_21927_time_04_1,pOTS_words,lh,5.465758482,0.113115505,3.3590936,1.6795468,6.261457
AOK07/AOK07_191207_21927_time_04_1,CoS_places,lh,12.80484519,2.076429962,9.929344794,4.964672397,13.96846
AOK07/AOK07_191207_21927_time_04_1,mFus_faces,lh,6.976405526,1.796216752,7.325034093,3.662517047,9.066467
AOK07/AOK07_191207_21927_time_04_1,OTS_bodies,lh,9.259810456,1.989507966,9.455911574,4.727955787,11.3922
AOK07/AOK07_191207_21927_time_04_1,mOTS_words,lh,7.334385869,0.804215205,5.675552549,2.837776275,9.821429
CS11/CS11_190203_19652_time_03_1,V1,lh,6.492415088,1.159692147,15.23595093,7.617975463,3.600279
CS11/CS11_190203_19652_time_03_1,V2,lh,6.329726046,-2.28787118,12.56679775,6.283398875,3.45732
CS11/CS11_190203_19652_time_03_1,V3,lh,6.547983156,0.500979974,11.00339577,5.501697884,4.667467
CS11/CS11_190203_19652_time_03_1,hV4,lh,7.246681329,1.66661722,11.13851942,5.56925971,7.997059
CS11/CS11_190203_19652_time_03_1,VO,lh,11.39846551,0.303402567,13.78934382,6.89467191,12.48554
CS11/CS11_190203_19652_time_03_1,PHC,lh,10.18952058,-0.123453993,10.44078588,5.220392941,13.5772
CS11/CS11_190203_19652_time_03_1,pFus_faces,lh,3.895712127,-0.206717367,6.827249926,3.413624963,8.726931
CS11/CS11_190203_19652_time_03_1,pOTS_words,lh,7.497362244,4.150729907,9.895904214,4.947952107,16.03583
CS11/CS11_190203_19652_time_03_1,CoS_places,lh,11.03056001,0.807825731,8.761400139,4.380700069,13.02514
CS11/CS11_190203_19652_time_03_1,mFus_faces,lh,3.856838288,1.484079487,4.831456401,2.415728201,10.65968
CS11/CS11_190203_19652_time_03_1,mOTS_words,lh,5.799969054,0.366882546,7.000668705,3.500334353,12.59128
GEJA09/GEJA09_190921_21343_time_04_1,V1,lh,5.815801384,-0.423698179,17.65823209,8.829116043,3.445861
GEJA09/GEJA09_190921_21343_time_04_1,V2,lh,6.626304962,-0.728765833,14.65519179,7.327595895,4.826954
GEJA09/GEJA09_190921_21343_time_04_1,V3,lh,8.571702939,-3.121928278,10.24812226,5.124061129,6.054207
GEJA09/GEJA09_190921_21343_time_04_1,hV4,lh,6.258562351,1.688163458,9.535028813,4.767514406,6.165244
GEJA09/GEJA09_190921_21343_time_04_1,VO,lh,8.922354133,0.621353726,9.538474113,4.769237057,9.546515
GEJA09/GEJA09_190921_21343_time_04_1,PHC,lh,11.33748375,5.200072762,10.6700427,5.335021349,18.2941
GEJA09/GEJA09_190921_21343_time_04_1,pFus_faces,lh,3.825268166,0.7221288,9.194800818,4.597400409,10.40802
GEJA09/GEJA09_190921_21343_time_04_1,pOTS_words,lh,4.182129531,-1.087476071,7.465892598,3.732946299,8.207088
GEJA09/GEJA09_190921_21343_time_04_1,CoS_places,lh,11.53426282,11.40458392,6.977506459,3.48875323,16.13037
GEJA09/GEJA09_190921_21343_time_04_1,mFus_faces,lh,4.375576949,0.65028338,5.95506551,2.977532755,7.231796
GEJA09/GEJA09_190921_21343_time_04_1,OTS_bodies,lh,5.637652792,-6.423518839,14.34379462,7.17189731,41.11647
MDT09/MDT09_191006_21450_time_03_1,V1,lh,6.465189108,-0.787387745,14.93415855,7.467079277,2.662041
MDT09/MDT09_191006_21450_time_03_1,V2,lh,6.513456193,-0.295296193,14.52449893,7.262249465,4.000701
MDT09/MDT09_191006_21450_time_03_1,V3,lh,6.448622045,1.053799,13.30812774,6.65406387,4.672759
MDT09/MDT09_191006_21450_time_03_1,hV4,lh,7.173142657,1.048118432,11.62002288,5.81001144,7.52645
MDT09/MDT09_191006_21450_time_03_1,VO,lh,7.522407863,1.928790239,13.28656817,6.643284083,11.99189
MDT09/MDT09_191006_21450_time_03_1,PHC,lh,9.137184829,1.697131431,11.47284937,5.736424685,15.7643
MDT09/MDT09_191006_21450_time_03_1,pFus_faces,lh,4.344357229,0.061996938,10.18479403,5.092397015,11.13651
MDT09/MDT09_191006_21450_time_03_1,pOTS_words,lh,3.174711547,-0.378775553,12.70838587,6.354192933,10.26833
MDT09/MDT09_191006_21450_time_03_1,CoS_places,lh,9.51142369,4.328906773,9.585275986,4.792637993,15.73978
MDT09/MDT09_191006_21450_time_03_1,mFus_faces,lh,1.970768063,1.599080364,4.273700036,2.136850018,8.957253
MDT09/MDT09_191006_21450_time_03_1,OTS_bodies,lh,-0.307612688,1.944117061,4.42328102,2.21164051,7.018062
DAPA10/DAPA10_190112_19476_time_03_1,V1,lh,5.854307077,1.328599463,16.37934286,8.189671431,4.071153
DAPA10/DAPA10_190112_19476_time_03_1,V2,lh,6.54070107,-0.304428732,15.19175043,7.595875213,4.223479
DAPA10/DAPA10_190112_19476_time_03_1,V3,lh,6.446296871,0.993667058,15.89405585,7.947027923,5.537265
DAPA10/DAPA10_190112_19476_time_03_1,hV4,lh,5.920488117,3.223063834,10.56755365,5.283776826,6.2552
DAPA10/DAPA10_190112_19476_time_03_1,VO,lh,8.487461568,3.961030801,9.443107227,4.721553613,8.713705
DAPA10/DAPA10_190112_19476_time_03_1,PHC,lh,7.738010866,1.551121218,9.272252357,4.636126179,8.476814
DAPA10/DAPA10_190112_19476_time_03_1,pFus_faces,lh,7.92661323,0.815122832,2.977843754,1.488921877,9.657372
DAPA10/DAPA10_190112_19476_time_03_1,pOTS_words,lh,4.570436834,-0.337896464,1.994948952,0.997474476,7.559554
DAPA10/DAPA10_190112_19476_time_03_1,CoS_places,lh,7.582529071,1.29380926,7.380973985,3.690486993,9.277178
DAPA10/DAPA10_190112_19476_time_03_1,mFus_faces,lh,5.804983176,0.611780573,2.642084636,1.321042318,9.366341
DAPA10/DAPA10_190112_19476_time_03_1,OTS_bodies,lh,5.743837185,-5.10619347,10.15439777,5.077198884,10.88835
STM10/STM10_190903_21220_time_03_1,V1,lh,5.171381329,-1.732233782,19.50778421,9.753892105,2.550653
STM10/STM10_190903_21220_time_03_1,V2,lh,6.530696426,-1.342102996,14.67055754,7.335278771,3.004677
STM10/STM10_190903_21220_time_03_1,V3,lh,6.014916381,-0.62894949,16.25418499,8.127092497,3.94963
STM10/STM10_190903_21220_time_03_1,hV4,lh,6.236308833,0.967354243,8.424164345,4.212082173,5.605993
STM10/STM10_190903_21220_time_03_1,VO,lh,8.549987991,5.897640648,14.83227157,7.416135783,8.390061
STM10/STM10_190903_21220_time_03_1,PHC,lh,12.48258576,7.555802294,9.062084607,4.531042304,12.10073
STM10/STM10_190903_21220_time_03_1,pFus_faces,lh,5.433891901,0.502482701,14.11443709,7.057218546,10.44232
STM10/STM10_190903_21220_time_03_1,pOTS_words,lh,3.322186881,0.705555665,1.754372951,0.877186476,4.575777
STM10/STM10_190903_21220_time_03_1,CoS_places,lh,12.04543154,4.827603616,6.658499256,3.329249628,11.39346
STM10/STM10_190903_21220_time_03_1,mFus_faces,lh,4.409166274,1.277917358,2.326356422,1.163178211,9.043345
STM10/STM10_190903_21220_time_03_1,OTS_bodies,lh,11.07576488,-2.541636308,7.687049627,3.843524813,19.44274
STM10/STM10_190903_21220_time_03_1,mOTS_words,lh,8.013380181,0.046898448,4.597351953,2.298675976,11.77205
DAPA10/DAPA10_191012_21490_time_04_1,V1,lh,5.267128766,1.129807138,16.76192753,8.380963765,3.678177
DAPA10/DAPA10_191012_21490_time_04_1,V2,lh,5.954167853,-0.361755851,15.32802835,7.664014175,3.68081
DAPA10/DAPA10_191012_21490_time_04_1,V3,lh,6.564259344,0.553035392,14.39297326,7.196486631,4.598105
DAPA10/DAPA10_191012_21490_time_04_1,hV4,lh,7.815803918,4.184838019,12.51273386,6.256366928,7.11285
DAPA10/DAPA10_191012_21490_time_04_1,VO,lh,9.776235833,3.373065866,12.06320881,6.031604403,8.794788
DAPA10/DAPA10_191012_21490_time_04_1,PHC,lh,12.34371906,-0.774433242,9.915532202,4.957766101,8.318119
DAPA10/DAPA10_191012_21490_time_04_1,pFus_faces,lh,6.798429168,1.438611449,4.135638313,2.067819157,8.996395
DAPA10/DAPA10_191012_21490_time_04_1,pOTS_words,lh,4.696135714,-0.341159462,2.612649402,1.306324701,8.614675
DAPA10/DAPA10_191012_21490_time_04_1,CoS_places,lh,13.90751096,-1.017913678,7.564762506,3.782381253,9.835755
DAPA10/DAPA10_191012_21490_time_04_1,mFus_faces,lh,5.73213427,0.580124327,3.259924589,1.629962295,9.63404
DAPA10/DAPA10_191012_21490_time_04_1,OTS_bodies,lh,5.312497268,-0.149376491,9.153718482,4.576859241,8.161022
CGSA11/CGSA11_190921_21340_time_04_1,V1,lh,6.36081926,-1.165883269,14.58074816,7.290374079,2.501037
CGSA11/CGSA11_190921_21340_time_04_1,V2,lh,6.020891962,-0.290844063,13.08133722,6.540668611,2.726311
CGSA11/CGSA11_190921_21340_time_04_1,V3,lh,6.346406197,-0.2867985,13.4132927,6.706646351,4.321897
CGSA11/CGSA11_190921_21340_time_04_1,hV4,lh,3.735809254,-0.105240595,8.661181386,4.330590693,4.9348
CGSA11/CGSA11_190921_21340_time_04_1,VO,lh,7.741104213,0.175371558,12.75843956,6.37921978,8.504485
CGSA11/CGSA11_190921_21340_time_04_1,PHC,lh,10.99042721,4.952985402,9.106812203,4.553406102,14.20985
CGSA11/CGSA11_190921_21340_time_04_1,pFus_faces,lh,0.687761102,-1.635283377,5.207034895,2.603517447,8.836857
CGSA11/CGSA11_190921_21340_time_04_1,pOTS_words,lh,0.173879358,-2.580644915,2.23258261,1.116291305,10.47195
CGSA11/CGSA11_190921_21340_time_04_1,CoS_places,lh,11.25661729,6.181457177,8.669754497,4.334877249,15.15139
CGSA11/CGSA11_190921_21340_time_04_1,mFus_faces,lh,1.087520384,-0.083474713,5.381055123,2.690527562,8.822657
CGSA11/CGSA11_190921_21340_time_04_1,OTS_bodies,lh,1.215293481,-1.819042463,5.380023032,2.690011516,13.24888
CGSA11/CGSA11_190921_21340_time_04_1,mOTS_words,lh,0.295287715,-1.08147817,2.97227995,1.486139975,8.36708
OS12/OS12_190725_20947_time_06_1,V1,lh,5.943077049,-1.390053824,14.85461026,7.427305129,2.735201
OS12/OS12_190725_20947_time_06_1,V2,lh,8.362086101,0.478912167,12.42477867,6.212389337,3.38886
OS12/OS12_190725_20947_time_06_1,V3,lh,5.365429031,-0.599656742,14.48688179,7.243440896,3.512105
OS12/OS12_190725_20947_time_06_1,hV4,lh,5.226930794,1.053618154,10.01074743,5.005373715,4.666828
OS12/OS12_190725_20947_time_06_1,VO,lh,10.87353706,5.181530088,13.74450848,6.872254238,8.963103
OS12/OS12_190725_20947_time_06_1,PHC,lh,12.31375668,2.704318715,7.477979229,3.738989615,11.81817
OS12/OS12_190725_20947_time_06_1,pFus_faces,lh,7.420405746,-2.148333129,5.699116645,2.849558323,9.185581
OS12/OS12_190725_20947_time_06_1,pOTS_words,lh,6.057947061,-2.343553728,6.323828283,3.161914141,8.083587
OS12/OS12_190725_20947_time_06_1,CoS_places,lh,12.9359324,1.448028832,6.39960295,3.199801475,13.87219
OS12/OS12_190725_20947_time_06_1,mFus_faces,lh,5.666288925,-1.186433058,3.786421012,1.893210506,8.709417
OS12/OS12_190725_20947_time_06_1,OTS_bodies,lh,4.252464162,0.46775154,4.182220861,2.09111043,8.702274
OS12/OS12_190725_20947_time_06_1,mOTS_words,lh,7.285834713,-1.453003253,5.61385465,2.806927325,9.595078
CR24,V1,lh,5.797400551,-1.606407994,13.5086744,6.754337201,3.542367
CR24,V2,lh,6.145203118,-1.989238672,15.01893489,7.509467445,5.328337
CR24,V3,lh,5.886950782,2.718448626,11.85930275,5.929651376,5.026964
CR24,hV4,lh,6.581704589,2.47278166,8.276141624,4.138070812,7.479592
CR24,VO,lh,9.965940261,2.846854946,11.03404671,5.517023357,10.74662
CR24,PHC,lh,10.94964697,1.01453991,8.947462022,4.473731011,14.05537
CR24,pFus_faces,lh,9.756764528,-1.567041267,7.851045608,3.925522804,11.0154
CR24,pOTS_words,lh,5.482801628,-0.910233829,4.528286052,2.264143026,9.63286
CR24,CoS_places,lh,12.78725173,2.793838048,5.848763869,2.924381934,14.03009
CR24,mFus_faces,lh,8.100244074,-1.872743649,5.896169023,2.948084512,10.17664
CS22,V1,lh,7.068162002,-1.034002543,15.24696218,7.623481092,3.206683
CS22,V2,lh,8.722714256,-2.601479291,14.22024301,7.110121505,3.954329
CS22,V3,lh,7.551991838,-1.266507227,15.13319723,7.566598616,4.151518
CS22,hV4,lh,8.235991906,0.239073152,9.661832156,4.830916078,5.600085
CS22,VO,lh,8.832216023,6.951669723,17.34083361,8.670416806,9.292219
CS22,pFus_faces,lh,12.29523208,1.405845966,7.169972516,3.584986258,9.672626
CS22,pOTS_words,lh,5.368683471,3.887562885,12.04059548,6.02029774,8.452609
CS22,mFus_faces,lh,5.486381519,-3.130641318,6.765292456,3.382646228,11.39402
EM,V1,lh,5.373331574,-0.725857703,17.10854122,8.55427061,2.89762
EM,V2,lh,4.759747735,-1.093236964,15.64024348,7.82012174,3.216094
EM,V3,lh,6.653154546,-0.156428858,12.0327367,6.016368351,4.486871
EM,hV4,lh,1.184428824,-0.097688642,2.147561918,1.073780959,2.363353
EM,VO,lh,5.938830831,1.590118476,9.710136404,4.855068202,6.812339
EM,PHC,lh,10.7897032,0.461734829,14.18811345,7.094056725,10.70739
EM,pFus_faces,lh,5.289781455,2.970427486,5.941563935,2.970781967,6.163659
EM,pOTS_words,lh,3.076206501,-1.002597167,4.915938274,2.457969137,5.043439
EM,CoS_places,lh,10.53518101,-2.089794278,12.29531088,6.147655441,10.36105
EM,mFus_faces,lh,4.648291994,-2.547392728,8.945616681,4.472808341,8.369989
EM,OTS_bodies,lh,6.319845809,-4.190424448,10.30724929,5.153624645,11.03765
ES,V1,lh,6.926822439,-1.979197856,14.00607973,7.003039864,2.999803
ES,V2,lh,7.209457748,-1.344259597,14.87217201,7.436086007,3.383838
ES,V3,lh,6.240389089,-1.069302647,14.97732313,7.488661564,5.022656
ES,hV4,lh,6.542325331,3.115917321,10.07198801,5.035994007,7.186211
ES,VO,lh,9.335996098,3.368386236,10.22683731,5.113418656,11.76366
ES,pFus_faces,lh,1.221793485,-4.877936879,15.41320047,7.706600236,8.836449
ES,pOTS_words,lh,9.500815299,-0.159380801,15.27500956,7.637504778,20.07898
ES,CoS_places,lh,14.50567393,6.171986975,6.177963761,3.08898188,13.7888
ES,OTS_bodies,lh,7.021216552,-1.057196372,10.93461229,5.467306144,66.5371
GB23,V1,lh,7.34493883,0.653724134,14.63099667,7.315498334,2.619065
GB23,V2,lh,7.258655918,2.905353431,17.45600958,8.728004791,3.291307
GB23,V3,lh,8.47885556,-0.502935668,14.114172,7.057085999,4.4566
GB23,hV4,lh,6.827957156,0.879858062,8.441619058,4.220809529,6.061034
GB23,VO,lh,10.70207565,3.079731054,11.72282214,5.861411072,8.937724
GB23,pOTS_words,lh,9.191604345,3.137226885,2.534431805,1.267215902,5.956919
GB23,CoS_places,lh,12.15533403,10.9041659,4.496859283,2.248429641,10.47714
GB23,mOTS_words,lh,9.308562235,-0.933059373,2.443714251,1.221857125,8.428733
JEW23,V1,lh,7.258868053,-1.346330147,14.70990241,7.354951207,3.323619
JEW23,V2,lh,6.923592583,-1.830420711,13.25865707,6.629328535,3.837674
JEW23,V3,lh,6.555604669,-2.530754822,13.58435639,6.792178195,5.886612
JEW23,hV4,lh,5.003350699,2.428865268,8.074070388,4.037035194,6.026874
JEW23,VO,lh,10.67188488,3.931241009,13.56036455,6.780182274,9.413636
JEW23,PHC,lh,14.41442751,-0.541187073,8.436837179,4.21841859,15.09283
JEW23,pFus_faces,lh,5.220723913,-0.123872872,4.498409795,2.249204898,10.22249
JEW23,pOTS_words,lh,5.65821238,-1.323668094,10.35726325,5.178631624,10.98249
JEW23,CoS_places,lh,13.91910115,1.06960007,7.509158293,3.754579147,15.67309
JEW23,mFus_faces,lh,2.197377451,9.56818943,7.65394121,3.826970605,12.00022
JEW23,OTS_bodies,lh,6.189371586,-3.181869478,8.373184701,4.186592351,12.31054
JP23,V1,lh,7.664063991,3.312044163,14.33059596,7.165297982,2.432611
JP23,V2,lh,8.280338932,4.095626003,14.11344033,7.056720165,3.596124
JP23,V3,lh,6.705189627,-0.265870365,13.46333679,6.731668397,4.397233
JP23,hV4,lh,3.843950789,1.513109694,6.538238727,3.269119364,4.992267
JP23,VO,lh,4.69002324,4.770893586,14.51474245,7.257371224,8.71504
JP23,pFus_faces,lh,3.217057818,-2.094081306,4.903534674,2.451767337,8.041152
JP23,pOTS_words,lh,3.902214142,-4.189606648,3.444890931,1.722445466,11.28004
JP23,CoS_places,lh,8.752993285,1.320045953,9.431868315,4.715934157,11.82485
JP23,mFus_faces,lh,0.191558317,-2.634928844,10.18764256,5.093821279,8.32557
JP23,OTS_bodies,lh,4.295933915,-5.611171005,8.615759449,4.307879724,12.22864
JW,V1,lh,5.949168481,-0.459723084,15.66615485,7.833077426,3.088904
JW,V2,lh,6.530247852,-0.170185687,13.62445969,6.812229847,3.591448
JW,V3,lh,6.371829769,-2.418078675,13.44852146,6.724260731,4.983496
JW,hV4,lh,5.222108516,1.803292326,5.876982949,2.938491474,4.484845
JW,VO,lh,8.050681438,3.496750863,14.17331655,7.086658274,9.04257
JW,PHC,lh,8.148401769,0.60945693,9.81313257,4.906566285,11.61157
JW,pFus_faces,lh,4.158375685,-3.066888445,6.009921725,3.004960863,6.993708
JW,pOTS_words,lh,5.269601336,-0.461130939,10.37914389,5.189571946,7.14166
JW,CoS_places,lh,10.33646034,3.050398977,9.983601278,4.991800639,11.52185
JW,mFus_faces,lh,3.876439205,-2.559876447,5.611262479,2.80563124,9.062655
JW,OTS_bodies,lh,5.213173868,-5.216491951,5.436651893,2.718325947,12.11153
JW,mOTS_words,lh,3.803353014,-9.137056434,10.8286279,5.414313951,16.23902
KM25,V1,lh,6.252490804,0.523781926,14.31115727,7.155578634,2.86882
KM25,V2,lh,5.775403326,1.954179513,17.50228713,8.751143566,3.574907
KM25,V3,lh,8.336764252,0.289858458,15.56690328,7.783451639,5.804882
KM25,hV4,lh,3.800563977,2.215560542,5.548297316,2.774148658,5.60593
KM25,VO,lh,6.828152201,3.250306468,11.58476022,5.79238011,7.532675
KM25,PHC,lh,11.6680995,4.640550122,8.251360872,4.125680436,12.14899
KM25,pFus_faces,lh,2.574057385,1.800363911,7.442532122,3.721266061,7.977192
KM25,pOTS_words,lh,1.135259453,2.265971227,3.77375943,1.886879715,6.155622
KM25,CoS_places,lh,8.865149267,3.190294499,9.806422444,4.903211222,11.52451
KM25,OTS_bodies,lh,0.975863914,1.484898432,3.913975061,1.956987531,9.089865
MG,V1,lh,6.467431167,-2.035646656,15.12665595,7.563327973,3.308679
MG,V2,lh,6.292596946,-0.774521862,15.42156818,7.710784092,4.203959
MG,V3,lh,6.257514522,3.386731535,12.48971889,6.244859445,4.804238
MG,hV4,lh,5.70834381,2.18769128,7.421461155,3.710730578,6.461076
MG,VO,lh,8.329257393,3.089926175,12.55539979,6.277699894,11.07941
MG,PHC,lh,7.832182861,2.001740499,11.00262546,5.50131273,12.58823
MG,pFus_faces,lh,6.581247093,-3.548234181,4.964747511,2.482373756,8.817537
MG,pOTS_words,lh,6.715395484,0.327536681,3.759852959,1.879926479,11.34362
MG,CoS_places,lh,6.526745286,3.474473976,11.95967309,5.979836546,11.78338
MG,mFus_faces,lh,4.920126397,-0.64935982,4.243561504,2.121780752,9.300498
MG,OTS_bodies,lh,4.37747317,-0.783445204,4.934458875,2.467229437,7.384709
MJH25,V1,lh,5.990872573,-1.850650565,17.62122771,8.810613854,3.858994
MJH25,V2,lh,6.194582189,1.066967814,14.18520781,7.092603906,4.094567
MJH25,V3,lh,5.943665309,0.394309347,14.65202759,7.326013795,5.506354
MJH25,hV4,lh,5.553329471,1.223162155,12.81651445,6.408257225,6.462854
MJH25,VO,lh,9.65108302,1.086760089,11.97493711,5.987468557,11.67739
MJH25,pFus_faces,lh,11.7128694,-0.478304149,3.173232116,1.586616058,12.42054
MJH25,pOTS_words,lh,3.240796884,-2.584541405,9.132499668,4.566249834,7.077765
MJH25,CoS_places,lh,11.92316338,8.030884787,7.070893245,3.535446622,13.77
MJH25,mFus_faces,lh,4.750118898,-1.168413416,10.59573956,5.297869778,11.71413
MN,V1,lh,7.393193677,-1.683999596,15.67451385,7.837256925,3.488981
MN,V2,lh,6.554782094,-1.0883378,15.15446087,7.577230437,3.639338
MN,V3,lh,5.43647622,0.031731523,10.4092155,5.204607751,4.530135
MN,hV4,lh,4.991952741,0.845380897,7.329895933,3.664947967,5.394017
MN,VO,lh,7.507539517,1.81788669,9.332111692,4.666055846,9.082234
MN,PHC,lh,10.57707497,4.433057961,10.6479727,5.323986348,11.94158
MN,pFus_faces,lh,2.850778443,3.029751026,2.316166445,1.158083222,5.372704
MN,pOTS_words,lh,4.345712273,-0.309370545,6.953475407,3.476737704,5.771945
MN,CoS_places,lh,6.659972909,1.226643783,8.339188491,4.169594245,9.311313
MN,OTS_bodies,lh,2.034483652,-2.943480467,4.018973156,2.009486578,6.727189
MN,mOTS_words,lh,4.33394318,2.51271873,4.169509751,2.084754876,5.554706
MW23,V1,lh,4.985405708,-1.425920304,16.735805,8.367902498,2.546691
MW23,V2,lh,5.406632098,-1.09322928,17.13229331,8.566146656,2.983121
MW23,V3,lh,5.419048948,-1.533456641,16.50612996,8.253064979,4.637101
MW23,hV4,lh,5.00893507,0.669302194,8.00506686,4.00253343,4.177818
MW23,VO,lh,7.984539787,3.193582195,9.519129238,4.759564619,9.147934
MW23,PHC,lh,10.3060999,5.972230194,9.177326358,4.588663179,9.978055
MW23,pOTS_words,lh,6.326790873,-0.22690534,9.521410668,4.760705334,9.954642
MW23,CoS_places,lh,9.149354265,1.75976297,8.946193746,4.473096873,9.999969
MW23,mFus_faces,lh,2.854690464,-0.492962333,3.992500255,1.996250128,7.955519
MW23,mOTS_words,lh,4.528403328,-2.080142145,6.612457388,3.306228694,9.205141
MZ23,V1,lh,6.308030975,-1.305323105,15.89876644,7.949383221,2.405511
MZ23,V2,lh,6.303105428,-1.051183191,15.67433211,7.837166055,3.496759
MZ23,V3,lh,6.348429091,0.613048592,19.719841,9.859920498,4.948752
MZ23,hV4,lh,2.547507998,1.455247846,6.202729085,3.101364542,2.694071
MZ23,VO,lh,4.649667423,4.096380229,11.48391401,5.741957004,6.758978
MZ23,PHC,lh,8.897617091,9.36422981,7.163519792,3.581759896,12.70421
MZ23,pFus_faces,lh,3.746778805,2.15099832,5.628179173,2.814089586,8.384163
MZ23,pOTS_words,lh,2.775936507,0.883113513,6.814115623,3.407057812,5.364802
MZ23,CoS_places,lh,9.030637164,9.471789431,6.494953743,3.247476872,13.08343
MZ23,OTS_bodies,lh,5.000723157,-2.252912913,6.264013923,3.132006961,9.505757
MZ23,mOTS_words,lh,5.300641106,-0.088194101,6.429797697,3.214898848,8.69421
NAV22,V1,lh,5.97736754,-0.893703026,15.03887242,7.519436212,2.963177
NAV22,V2,lh,6.624715749,0.353072917,13.9217123,6.96085615,3.713716
NAV22,V3,lh,7.91938522,0.034271855,12.66714785,6.333573927,4.824965
NAV22,hV4,lh,3.793887576,2.058212435,10.96063975,5.480319873,6.203622
NAV22,VO,lh,10.01183332,2.887187048,11.62366352,5.811831762,13.60295
NAV22,PHC,lh,14.44096634,-1.105483967,15.01090476,7.505452379,18.10071
NAV22,pFus_faces,lh,1.660291881,0.758197081,9.499554305,4.749777152,7.639278
NAV22,pOTS_words,lh,0.937624517,0.359448571,7.083819386,3.541909693,4.526699
NAV22,CoS_places,lh,14.38178531,0.273078779,12.72642417,6.363212083,20.13061
NAV22,mFus_faces,lh,2.445479953,2.976446236,6.805699564,3.402849782,10.33264
NAV22,mOTS_words,lh,3.520551076,3.767296408,9.88716805,4.943584025,14.81949
NC24,V1,lh,7.876742356,0.367431281,13.65724513,6.828622567,2.882261
NC24,V2,lh,7.888575645,0.724451504,13.85877417,6.929387083,2.936199
NC24,V3,lh,8.709293681,-0.239647119,13.21954906,6.609774528,3.82546
NC24,hV4,lh,8.038712685,3.229691639,7.459358801,3.729679401,5.00271
NC24,VO,lh,9.378572855,3.438657086,9.364832433,4.682416216,8.483549
NC24,pOTS_words,lh,7.446576549,1.92137445,4.099435156,2.049717578,4.563476
NC24,CoS_places,lh,6.495980552,0.841544247,10.48348151,5.241740754,10.41937
NC24,mFus_faces,lh,4.135268869,0.363565381,3.577522314,1.788761157,8.262399
NC24,mOTS_words,lh,7.705951767,0.514387042,11.63233537,5.816167683,12.13133
SP,V1,lh,6.307362661,-0.954416056,12.57956746,6.289783729,2.608614
SP,V2,lh,5.671734097,0.104549572,12.87221468,6.436107338,3.193474
SP,V3,lh,5.28107977,-0.753940052,11.90263778,5.951318888,3.9875
SP,hV4,lh,4.379325962,0.281401763,6.028033142,3.014016571,5.225502
SP,VO,lh,4.954342432,2.188067849,9.62711738,4.81355869,7.682269
SP,PHC,lh,11.5072408,-0.295587805,11.42393191,5.711965953,10.65864
SP,pFus_faces,lh,3.551498933,0.088636411,7.290223936,3.645111968,8.500454
SP,pOTS_words,lh,3.320607218,-2.583998441,5.762207556,2.881103778,8.845227
SP,CoS_places,lh,5.410109536,2.066956126,10.16360904,5.08180452,10.59962
SP,mFus_faces,lh,4.480060465,-0.536089023,4.446696011,2.223348005,9.685022
SP,OTS_bodies,lh,5.3366195,-2.123359716,9.423347347,4.711673673,13.1199
SP,mOTS_words,lh,3.535770484,0.831181104,5.407255628,2.703627814,9.587557
ST25,V1,lh,7.76340268,-4.276356248,16.26242385,8.131211923,3.003679
ST25,V2,lh,7.99825331,-0.267256231,14.43709291,7.218546456,3.558201
ST25,V3,lh,7.211303921,0.739623948,12.50274107,6.251370535,4.362729
ST25,hV4,lh,6.302797006,-1.728683515,10.74644396,5.37322198,6.220503
ST25,VO,lh,9.466132698,3.406147296,13.16502732,6.58251366,8.803703
ST25,pOTS_words,lh,5.990288362,-2.434118784,7.831108069,3.915554035,8.936045
ST25,CoS_places,lh,10.12692054,2.897290851,9.16752792,4.58376396,11.22799
ST25,mFus_faces,lh,4.678390672,-1.36557744,5.699825233,2.849912617,6.802027
ST25,OTS_bodies,lh,9.316085738,-2.821223059,6.260818269,3.130409134,11.71517
TH,V1,lh,6.449329149,-1.560874214,15.12627163,7.563135814,3.247561
TH,V2,lh,5.784357979,-1.121160198,13.58969354,6.794846771,3.447104
TH,V3,lh,5.436618659,-0.259380445,14.60144214,7.30072107,4.334038
TH,hV4,lh,4.095431428,1.469814753,9.379452731,4.689726366,5.264366
TH,VO,lh,8.336068989,3.92037293,10.09218303,5.046091517,8.26085
TH,pFus_faces,lh,5.219246881,-0.414321395,4.56120282,2.28060141,8.772933
TH,pOTS_words,lh,4.940508457,-2.725763203,7.160692302,3.580346151,7.570546
TH,CoS_places,lh,9.721888788,1.94172468,12.31635712,6.158178558,9.487328
TH,mFus_faces,lh,3.44558196,-1.556081945,4.468220441,2.234110221,6.596354
TH,OTS_bodies,lh,5.852842016,-4.776267561,9.587380533,4.793690267,10.82352
TH,mOTS_words,lh,3.14405087,-1.378667174,5.216008909,2.608004455,6.232349
TL24,V1,lh,6.677034054,-5.363406876,14.99041782,7.495208908,3.359694
TL24,V2,lh,7.874441209,2.546479369,15.73529408,7.867647042,3.731334
TL24,V3,lh,8.542456085,-0.814964074,13.98981833,6.994909165,5.091003
TL24,hV4,lh,9.123434265,0.756458364,9.55685074,4.77842537,8.163692
TL24,VO,lh,12.96559085,-0.456562159,10.55625183,5.278125916,10.00059
TL24,PHC,lh,11.14267652,0.65549519,12.91355336,6.456776682,10.85367
TL24,pFus_faces,lh,7.41413882,-1.901456291,8.276565565,4.138282783,9.058498
TL24,pOTS_words,lh,12.5690652,-0.362134945,10.68164425,5.340822123,10.31702
TL24,CoS_places,lh,10.02322304,3.01576312,9.15140934,4.57570467,10.44005
TL24,mFus_faces,lh,8.582677939,-0.0453081,2.878125163,1.439062581,7.199966
JG24,V1,lh,6.167671728,-1.365137373,15.56919472,7.784597358,3.5943
JG24,V2,lh,6.237355956,-0.803631765,13.45196756,6.725983781,4.023552
JG24,V3,lh,4.949270364,-0.58513093,15.44130512,7.72065256,4.609868
JG24,hV4,lh,4.239162391,-0.435507095,9.929146621,4.96457331,5.094941
JG24,VO,lh,8.73059677,2.162622957,11.83255221,5.916276103,9.121059
MSH28,V1,lh,5.593105958,-0.988679607,15.37985717,7.689928586,2.374957
MSH28,V2,lh,7.314373719,-0.958715284,14.02252698,7.011263491,3.664055
MSH28,V3,lh,6.545140881,-0.340636908,14.22019436,7.110097182,4.328683
MSH28,hV4,lh,6.614117279,0.830950842,6.884776894,3.442388447,6.010399
MSH28,VO,lh,8.983546512,3.761766547,10.81914088,5.409570442,8.925141
MSH28,pFus_faces,lh,6.090411194,-0.141903887,3.462085861,1.73104293,5.906728
MSH28,pOTS_words,lh,4.595274112,-1.054722614,3.14441661,1.572208305,4.856522
MSH28,mFus_faces,lh,5.015589915,-0.451870027,3.742363144,1.871181572,6.994564
KG22,V1,lh,6.540883193,-2.162038289,15.7449742,7.872487099,3.320811
KG22,V2,lh,6.539860643,-3.723185587,15.3423083,7.671154152,4.182322
KG22,V3,lh,6.524593914,-0.164554578,12.93542398,6.467711989,5.08065
KG22,hV4,lh,6.297315009,2.941816419,11.39743089,5.698715444,6.508597
KG22,VO,lh,9.34014151,4.656604952,9.816656421,4.908328211,8.881189
KG22,pFus_faces,lh,3.585214424,-1.154993576,12.63721575,6.318607874,7.229608
KG22,pOTS_words,lh,3.242083293,2.006013191,4.171737303,2.085868651,8.716445
KG22,CoS_places,lh,7.233019384,4.474632681,10.64716843,5.323584216,8.643566
KG22,mFus_faces,lh,3.793088479,-0.344814609,6.708642995,3.354321498,6.667111
VN26,V1,lh,7.544872439,2.663463767,15.99105435,7.995527177,3.173478
VN26,V2,lh,8.181886052,-2.36190814,10.42694953,5.213474765,3.562965
VN26,V3,lh,5.865607264,1.673935328,14.26121492,7.130607461,4.926642
VN26,hV4,lh,4.590100314,3.69559097,8.107571756,4.053785878,7.13841
VN26,VO,lh,9.183793862,4.76673973,9.994355528,4.997177764,10.38205
VN26,pFus_faces,lh,4.328933794,-0.841692823,3.078662506,1.539331253,7.781217
VN26,pOTS_words,lh,6.598321931,-0.021529104,10.81156805,5.405784024,8.994287
VN26,CoS_places,lh,9.285029804,5.418575709,6.217571425,3.108785713,11.50794
VN26,mOTS_words,lh,8.597691287,1.398730275,4.465580209,2.232790104,5.951116
DRS22,V1,lh,6.91008571,0.708378639,16.56341569,8.281707844,2.427657
DRS22,V2,lh,5.792168421,1.599855887,17.02216614,8.511083071,3.033724
DRS22,V3,lh,7.013571978,-0.027931562,14.63181476,7.31590738,4.669231
DRS22,hV4,lh,6.60600062,1.598189385,9.938651033,4.969325517,6.607084
DRS22,VO,lh,6.912315928,0.976039212,8.91419527,4.457097635,9.176562
DRS22,pFus_faces,lh,4.80922171,1.642707387,4.701585234,2.350792617,9.161818
DRS22,pOTS_words,lh,3.871609409,0.98713568,3.791448923,1.895724462,4.196012
DRS22,CoS_places,lh,6.779947299,3.642495374,9.965826458,4.982913229,12.09162
DRS22,mFus_faces,lh,2.655007689,1.413557246,7.156652131,3.578326065,10.79846
DRS22,OTS_bodies,lh,3.226972592,3.258785129,12.70060736,6.350303682,15.82514
DRS22,mOTS_words,lh,2.577685472,0.826459821,6.577339583,3.288669791,5.941366
MBA24,V1,lh,6.108059892,-2.631810865,14.30307206,7.15153603,2.192101
MBA24,V2,lh,7.282943368,1.734813725,16.8025814,8.401290701,2.777019
MBA24,V3,lh,6.330533264,-1.169705225,11.52679732,5.76339866,3.986389
MBA24,hV4,lh,7.50116376,0.589062124,6.514532651,3.257266325,6.681745
MBA24,VO,lh,11.18206772,5.259527237,8.395133066,4.197566533,9.302536
MBA24,pFus_faces,lh,6.182276621,-0.513222846,6.096010699,3.04800535,10.25381
MBA24,pOTS_words,lh,5.832438206,-3.483549238,11.01495282,5.507476411,12.09402
MBA24,CoS_places,lh,10.95361938,4.785891272,8.337247162,4.168623581,14.41327
MBA24,mFus_faces,lh,3.940108455,-1.874549536,6.199234307,3.099617154,10.82755
DF,V1,lh,6.221106987,0.156753066,17.93032688,8.96516344,2.622348
DF,V2,lh,7.150338455,0.770981934,15.95713127,7.978565637,3.837446
DF,V3,lh,8.721350473,0.854282644,13.89534807,6.947674033,5.728329
DF,hV4,lh,5.689209241,1.660281103,8.507611854,4.253805927,5.706828
DF,VO,lh,8.173026897,2.181861616,11.07117883,5.535589417,7.542887
DF,pFus_faces,lh,5.456830477,0.160485825,5.109171574,2.554585787,6.102391
DF,pOTS_words,lh,5.621834266,-1.12582767,4.150039226,2.075019613,7.775759
DF,CoS_places,lh,12.20410928,3.003609549,7.272147203,3.636073601,11.49995
DF,mFus_faces,lh,6.16295993,-0.653293959,5.862626157,2.931313078,8.563571
DF,OTS_bodies,lh,5.826401301,-1.589961888,9.692033993,4.846016997,11.31182
DF,mOTS_words,lh,5.166883524,-3.659722853,7.262195839,3.63109792,15.66872
EM,V1,mh,NA,NA,NA,NA,NA
EM,V2,mh,NA,NA,NA,NA,NA
EM,V3,mh,NA,NA,NA,NA,NA
EM,hV4,mh,NA,NA,NA,NA,NA
EM,VO,mh,NA,NA,NA,NA,NA
EM,PHC,mh,NA,NA,NA,NA,NA
EM,pFus_faces,mh,NA,NA,NA,NA,NA
EM,pOTS_words,mh,NA,NA,NA,NA,NA
EM,CoS_places,mh,NA,NA,NA,NA,NA
EM,mFus_faces,mh,NA,NA,NA,NA,NA
EM,OTS_bodies,mh,NA,NA,NA,NA,NA
EM,V1,zh,NA,NA,NA,NA,NA
EM,V2,zh,NA,NA,NA,NA,NA
EM,V3,zh,NA,NA,NA,NA,NA
EM,hV4,zh,NA,NA,NA,NA,NA
EM,VO,zh,NA,NA,NA,NA,NA
EM,PHC,zh,NA,NA,NA,NA,NA
EM,pFus_faces,zh,NA,NA,NA,NA,NA
EM,pOTS_words,zh,NA,NA,NA,NA,NA
EM,CoS_places,zh,NA,NA,NA,NA,NA
EM,mFus_faces,zh,NA,NA,NA,NA,NA
EM,OTS_bodies,zh,NA,NA,NA,NA,NA